dataset,case_name,algorithm,pair_npz,result_file,status,elapsed_time_s,chosen_direction,point_rmse_forward_mm,point_rmse_inverse_mm,rmse_mm,mi,dice,asd_mm,assd_mm,hd95_mm,tre95_mm,tre_mean_mm,message
AbdomenMRCT_CT_MRI,AbdomenMRCT_0001__CT_to_MRI_mixed,modified,/data/bianfeng/yixueOT/new_code_test/experiment_batches/processed/AbdomenMRCT_CT_MRI/AbdomenMRCT_0001__CT_to_MRI_mixed.npz,/data/bianfeng/yixueOT/new_code_test/registration_results/modified/data/AbdomenMRCT_0001_CT_to_MRI_mixed_result.mat,success,1.556769,forward,30.053662200578678,64.2317466052621,nan,0.14715665889085452,0.43308277392206335,19.27138616901437,16.90196826252268,49.35585071701227,nan,nan,
AbdomenMRCT_CT_MRI,AbdomenMRCT_0001__CT_to_MRI_mixed,modified_full,/data/bianfeng/yixueOT/new_code_test/experiment_batches/processed/AbdomenMRCT_CT_MRI/AbdomenMRCT_0001__CT_to_MRI_mixed.npz,/data/bianfeng/yixueOT/new_code_test/registration_results/modified_full/data/AbdomenMRCT_0001_CT_to_MRI_mixed_result.mat,success,2.652039,forward,28.961168462769066,62.305613010413424,nan,0.14543202537499036,0.48797987176365554,17.789135718136244,15.307985727152449,47.58150901348127,nan,nan,
AbdomenMRCT_CT_MRI,AbdomenMRCT_0001__CT_to_MRI_mixed,random_baseline,/data/bianfeng/yixueOT/new_code_test/experiment_batches/processed/AbdomenMRCT_CT_MRI/AbdomenMRCT_0001__CT_to_MRI_mixed.npz,/data/bianfeng/yixueOT/new_code_test/registration_results/random_baseline/data/AbdomenMRCT_0001_CT_to_MRI_mixed_result.mat,success,1.269897,forward,25.810785846076758,60.72623262642332,nan,0.13564187363655605,0.5428406299667679,16.92832307821284,13.604731053813204,42.567593307585526,nan,nan,
AbdomenMRCT_CT_MRI,AbdomenMRCT_0001__CT_to_MRI_mixed,icp,/data/bianfeng/yixueOT/new_code_test/experiment_batches/processed/AbdomenMRCT_CT_MRI/AbdomenMRCT_0001__CT_to_MRI_mixed.npz,/data/bianfeng/yixueOT/new_code_test/compare_results/icp/AbdomenMRCT_CT_MRI/AbdomenMRCT_0001__CT_to_MRI_mixed_icp.npz,success,2.257075786590576,forward,31.806415932820276,50.08484915646956,nan,0.17369333135404458,0.59904258216726,18.661531093366907,12.700959898122445,70.14271166700073,nan,nan,
AbdomenMRCT_CT_MRI,AbdomenMRCT_0001__CT_to_MRI_mixed,fgr,/data/bianfeng/yixueOT/new_code_test/experiment_batches/processed/AbdomenMRCT_CT_MRI/AbdomenMRCT_0001__CT_to_MRI_mixed.npz,/data/bianfeng/yixueOT/new_code_test/compare_results/fgr/AbdomenMRCT_CT_MRI/AbdomenMRCT_0001__CT_to_MRI_mixed_fgr.npz,success,0.3278665542602539,forward,37.77796637864428,46.99912702932599,nan,0.14164164031313067,0.594916094591761,21.421083006760725,14.128620177088111,85.27602242131137,nan,nan,
AbdomenMRCT_CT_MRI,AbdomenMRCT_0001__CT_to_MRI_mixed,ants,/data/bianfeng/yixueOT/new_code_test/experiment_batches/processed/AbdomenMRCT_CT_MRI/AbdomenMRCT_0001__CT_to_MRI_mixed.npz,/data/bianfeng/yixueOT/new_code_test/compare_results/ants/AbdomenMRCT_CT_MRI/AbdomenMRCT_0001__CT_to_MRI_mixed_ants.npz,success,3.0729806423187256,forward,40.10271621602323,44.42683656079217,nan,0.16045179488188854,0.46264638103748296,25.858845791145146,18.54500665133404,88.11356308764276,nan,nan,
AbdomenMRCT_CT_MRI,AbdomenMRCT_0002__CT_to_MRI_mixed,modified,/data/bianfeng/yixueOT/new_code_test/experiment_batches/processed/AbdomenMRCT_CT_MRI/AbdomenMRCT_0002__CT_to_MRI_mixed.npz,/data/bianfeng/yixueOT/new_code_test/registration_results/modified/data/AbdomenMRCT_0002_CT_to_MRI_mixed_result.mat,success,0.831617,forward,15.845140589673539,97.71759241054168,nan,0.05553883681454766,0.6597416312596704,12.698833520870597,10.457964622545177,27.28368592080937,nan,nan,
AbdomenMRCT_CT_MRI,AbdomenMRCT_0002__CT_to_MRI_mixed,modified_full,/data/bianfeng/yixueOT/new_code_test/experiment_batches/processed/AbdomenMRCT_CT_MRI/AbdomenMRCT_0002__CT_to_MRI_mixed.npz,/data/bianfeng/yixueOT/new_code_test/registration_results/modified_full/data/AbdomenMRCT_0002_CT_to_MRI_mixed_result.mat,success,2.732396,forward,15.957235599493243,96.79029044138079,nan,0.06056079316468073,0.6775067351354271,12.297732453789648,10.030448789084131,26.153393661244042,nan,nan,
AbdomenMRCT_CT_MRI,AbdomenMRCT_0002__CT_to_MRI_mixed,random_baseline,/data/bianfeng/yixueOT/new_code_test/experiment_batches/processed/AbdomenMRCT_CT_MRI/AbdomenMRCT_0002__CT_to_MRI_mixed.npz,/data/bianfeng/yixueOT/new_code_test/registration_results/random_baseline/data/AbdomenMRCT_0002_CT_to_MRI_mixed_result.mat,success,0.84382,forward,16.661688047943443,96.44209450240551,nan,0.07176272427775425,0.7043739239567446,11.855518006929948,9.429096563190384,26.30589287593181,nan,nan,
AbdomenMRCT_CT_MRI,AbdomenMRCT_0002__CT_to_MRI_mixed,icp,/data/bianfeng/yixueOT/new_code_test/experiment_batches/processed/AbdomenMRCT_CT_MRI/AbdomenMRCT_0002__CT_to_MRI_mixed.npz,/data/bianfeng/yixueOT/new_code_test/compare_results/icp/AbdomenMRCT_CT_MRI/AbdomenMRCT_0002__CT_to_MRI_mixed_icp.npz,success,2.9491970539093018,forward,19.850196864865396,95.56119759168035,nan,0.06367274597859501,0.7341734224996869,12.345328791069507,9.307603356375367,29.597297173897484,nan,nan,
AbdomenMRCT_CT_MRI,AbdomenMRCT_0002__CT_to_MRI_mixed,fgr,/data/bianfeng/yixueOT/new_code_test/experiment_batches/processed/AbdomenMRCT_CT_MRI/AbdomenMRCT_0002__CT_to_MRI_mixed.npz,/data/bianfeng/yixueOT/new_code_test/compare_results/fgr/AbdomenMRCT_CT_MRI/AbdomenMRCT_0002__CT_to_MRI_mixed_fgr.npz,success,0.48807311058044434,forward,20.101734893829832,96.45989682705266,nan,0.06087008568583824,0.7271081770413131,12.680362618539096,9.481002230715763,31.368774282716245,nan,nan,
AbdomenMRCT_CT_MRI,AbdomenMRCT_0002__CT_to_MRI_mixed,ants,/data/bianfeng/yixueOT/new_code_test/experiment_batches/processed/AbdomenMRCT_CT_MRI/AbdomenMRCT_0002__CT_to_MRI_mixed.npz,/data/bianfeng/yixueOT/new_code_test/compare_results/ants/AbdomenMRCT_CT_MRI/AbdomenMRCT_0002__CT_to_MRI_mixed_ants.npz,success,3.3060007095336914,forward,52.62344209859044,54.655288804589375,nan,0.1767539158219866,0.32202956923228054,43.150595833358786,35.08989811888746,92.71029605522357,nan,nan,
AbdomenMRCT_CT_MRI,AbdomenMRCT_0003__CT_to_MRI_mixed,modified,/data/bianfeng/yixueOT/new_code_test/experiment_batches/processed/AbdomenMRCT_CT_MRI/AbdomenMRCT_0003__CT_to_MRI_mixed.npz,/data/bianfeng/yixueOT/new_code_test/registration_results/modified/data/AbdomenMRCT_0003_CT_to_MRI_mixed_result.mat,success,0.706848,forward,7.489132034258755,26.30769809024553,nan,0.052570633740220515,0.6793735067693124,7.326958458098161,7.268488299495043,18.867962264113206,nan,nan,
AbdomenMRCT_CT_MRI,AbdomenMRCT_0003__CT_to_MRI_mixed,modified_full,/data/bianfeng/yixueOT/new_code_test/experiment_batches/processed/AbdomenMRCT_CT_MRI/AbdomenMRCT_0003__CT_to_MRI_mixed.npz,/data/bianfeng/yixueOT/new_code_test/registration_results/modified_full/data/AbdomenMRCT_0003_CT_to_MRI_mixed_result.mat,success,2.024186,forward,7.390828159032954,25.789202868253238,nan,0.05288883405011929,0.6830034829676411,7.268393522489156,7.207313621271964,18.867962264113206,nan,nan,
AbdomenMRCT_CT_MRI,AbdomenMRCT_0003__CT_to_MRI_mixed,random_baseline,/data/bianfeng/yixueOT/new_code_test/experiment_batches/processed/AbdomenMRCT_CT_MRI/AbdomenMRCT_0003__CT_to_MRI_mixed.npz,/data/bianfeng/yixueOT/new_code_test/registration_results/random_baseline/data/AbdomenMRCT_0003_CT_to_MRI_mixed_result.mat,success,0.722592,forward,7.658424283525847,28.27449753281176,nan,0.0471601539692806,0.6667971737475052,7.531178076258394,7.575204751622772,19.390719429665317,nan,nan,
AbdomenMRCT_CT_MRI,AbdomenMRCT_0003__CT_to_MRI_mixed,icp,/data/bianfeng/yixueOT/new_code_test/experiment_batches/processed/AbdomenMRCT_CT_MRI/AbdomenMRCT_0003__CT_to_MRI_mixed.npz,/data/bianfeng/yixueOT/new_code_test/compare_results/icp/AbdomenMRCT_CT_MRI/AbdomenMRCT_0003__CT_to_MRI_mixed_icp.npz,success,2.341891050338745,forward,7.204284601658237,22.956015481922307,nan,0.05232414972737166,0.6982777070824547,7.01849272566173,7.04953500673212,20.0,nan,nan,
AbdomenMRCT_CT_MRI,AbdomenMRCT_0003__CT_to_MRI_mixed,fgr,/data/bianfeng/yixueOT/new_code_test/experiment_batches/processed/AbdomenMRCT_CT_MRI/AbdomenMRCT_0003__CT_to_MRI_mixed.npz,/data/bianfeng/yixueOT/new_code_test/compare_results/fgr/AbdomenMRCT_CT_MRI/AbdomenMRCT_0003__CT_to_MRI_mixed_fgr.npz,success,0.4942605495452881,forward,8.604894434428392,20.28524949399258,nan,0.05627396631795834,0.6862988426417499,7.666623198110684,7.61702919814881,23.07378005096472,nan,nan,
AbdomenMRCT_CT_MRI,AbdomenMRCT_0003__CT_to_MRI_mixed,ants,/data/bianfeng/yixueOT/new_code_test/experiment_batches/processed/AbdomenMRCT_CT_MRI/AbdomenMRCT_0003__CT_to_MRI_mixed.npz,/data/bianfeng/yixueOT/new_code_test/compare_results/ants/AbdomenMRCT_CT_MRI/AbdomenMRCT_0003__CT_to_MRI_mixed_ants.npz,success,3.436298131942749,inverse,17.525355242071882,11.834904206531167,nan,0.08089338260847773,0.5406053768881737,10.879270934762948,11.235838476648407,32.0624390837628,nan,nan,
AbdomenMRCT_CT_MRI,AbdomenMRCT_0004__CT_to_MRI_mixed,modified,/data/bianfeng/yixueOT/new_code_test/experiment_batches/processed/AbdomenMRCT_CT_MRI/AbdomenMRCT_0004__CT_to_MRI_mixed.npz,/data/bianfeng/yixueOT/new_code_test/registration_results/modified/data/AbdomenMRCT_0004_CT_to_MRI_mixed_result.mat,success,0.812885,forward,7.918894836844832,23.443209734102474,nan,0.14685699033445462,0.817253039055842,5.8518157216136775,5.1394284580768765,14.142135623730951,nan,nan,
AbdomenMRCT_CT_MRI,AbdomenMRCT_0004__CT_to_MRI_mixed,modified_full,/data/bianfeng/yixueOT/new_code_test/experiment_batches/processed/AbdomenMRCT_CT_MRI/AbdomenMRCT_0004__CT_to_MRI_mixed.npz,/data/bianfeng/yixueOT/new_code_test/registration_results/modified_full/data/AbdomenMRCT_0004_CT_to_MRI_mixed_result.mat,success,1.952469,forward,7.949432264784383,23.656753492673865,nan,0.15064382694142103,0.8192658792376573,5.820505424200075,5.0956641099831685,14.2828568570857,nan,nan,
AbdomenMRCT_CT_MRI,AbdomenMRCT_0004__CT_to_MRI_mixed,random_baseline,/data/bianfeng/yixueOT/new_code_test/experiment_batches/processed/AbdomenMRCT_CT_MRI/AbdomenMRCT_0004__CT_to_MRI_mixed.npz,/data/bianfeng/yixueOT/new_code_test/registration_results/random_baseline/data/AbdomenMRCT_0004_CT_to_MRI_mixed_result.mat,success,0.585107,forward,8.254655291876215,24.191131747742777,nan,0.14252197236298886,0.8149042998980709,6.001364405799094,5.178166727511408,14.696938456699069,nan,nan,
AbdomenMRCT_CT_MRI,AbdomenMRCT_0004__CT_to_MRI_mixed,icp,/data/bianfeng/yixueOT/new_code_test/experiment_batches/processed/AbdomenMRCT_CT_MRI/AbdomenMRCT_0004__CT_to_MRI_mixed.npz,/data/bianfeng/yixueOT/new_code_test/compare_results/icp/AbdomenMRCT_CT_MRI/AbdomenMRCT_0004__CT_to_MRI_mixed_icp.npz,success,1.8813624382019043,forward,7.90392658167459,24.18231054870169,nan,0.1494938931466477,0.8194708201938545,5.820245393858937,5.104780034074341,14.142135623730951,nan,nan,
AbdomenMRCT_CT_MRI,AbdomenMRCT_0004__CT_to_MRI_mixed,fgr,/data/bianfeng/yixueOT/new_code_test/experiment_batches/processed/AbdomenMRCT_CT_MRI/AbdomenMRCT_0004__CT_to_MRI_mixed.npz,/data/bianfeng/yixueOT/new_code_test/compare_results/fgr/AbdomenMRCT_CT_MRI/AbdomenMRCT_0004__CT_to_MRI_mixed_fgr.npz,success,0.4560971260070801,forward,8.134776303716173,24.685697952298256,nan,0.1464443339868146,0.8183961716263619,5.893406344813018,5.134095701240181,14.966629547095765,nan,nan,
AbdomenMRCT_CT_MRI,AbdomenMRCT_0004__CT_to_MRI_mixed,ants,/data/bianfeng/yixueOT/new_code_test/experiment_batches/processed/AbdomenMRCT_CT_MRI/AbdomenMRCT_0004__CT_to_MRI_mixed.npz,/data/bianfeng/yixueOT/new_code_test/compare_results/ants/AbdomenMRCT_CT_MRI/AbdomenMRCT_0004__CT_to_MRI_mixed_ants.npz,success,3.231018304824829,inverse,14.885937424597435,11.053161449239445,nan,0.12170648243018187,0.6589284366162013,9.88269062725036,9.402196987762665,24.657656011875904,nan,nan,
AbdomenMRCT_CT_MRI,AbdomenMRCT_0005__CT_to_MRI_mixed,modified,/data/bianfeng/yixueOT/new_code_test/experiment_batches/processed/AbdomenMRCT_CT_MRI/AbdomenMRCT_0005__CT_to_MRI_mixed.npz,/data/bianfeng/yixueOT/new_code_test/registration_results/modified/data/AbdomenMRCT_0005_CT_to_MRI_mixed_result.mat,success,0.738108,forward,7.057481043370369,19.894094639700658,nan,0.043390429077890674,0.5703843326142666,9.151776494849583,11.21048939094402,26.0,nan,nan,
AbdomenMRCT_CT_MRI,AbdomenMRCT_0005__CT_to_MRI_mixed,modified_full,/data/bianfeng/yixueOT/new_code_test/experiment_batches/processed/AbdomenMRCT_CT_MRI/AbdomenMRCT_0005__CT_to_MRI_mixed.npz,/data/bianfeng/yixueOT/new_code_test/registration_results/modified_full/data/AbdomenMRCT_0005_CT_to_MRI_mixed_result.mat,success,2.103903,forward,6.902613335111796,20.279756879284996,nan,0.04196580767675058,0.573506631813341,8.95273879367585,11.07984836958681,26.153393661244042,nan,nan,
AbdomenMRCT_CT_MRI,AbdomenMRCT_0005__CT_to_MRI_mixed,random_baseline,/data/bianfeng/yixueOT/new_code_test/experiment_batches/processed/AbdomenMRCT_CT_MRI/AbdomenMRCT_0005__CT_to_MRI_mixed.npz,/data/bianfeng/yixueOT/new_code_test/registration_results/random_baseline/data/AbdomenMRCT_0005_CT_to_MRI_mixed_result.mat,success,0.698241,forward,6.8034370029136175,19.798848490323195,nan,0.04324223801887547,0.5696391913990466,8.88452194038266,11.204126615957826,27.85677655436824,nan,nan,
AbdomenMRCT_CT_MRI,AbdomenMRCT_0005__CT_to_MRI_mixed,icp,/data/bianfeng/yixueOT/new_code_test/experiment_batches/processed/AbdomenMRCT_CT_MRI/AbdomenMRCT_0005__CT_to_MRI_mixed.npz,/data/bianfeng/yixueOT/new_code_test/compare_results/icp/AbdomenMRCT_CT_MRI/AbdomenMRCT_0005__CT_to_MRI_mixed_icp.npz,success,1.6012890338897705,forward,6.169239717247607,23.24212742696691,nan,0.04663031823806457,0.5914952196538787,7.445977297571094,10.576652360837446,32.802438933713454,nan,nan,
AbdomenMRCT_CT_MRI,AbdomenMRCT_0005__CT_to_MRI_mixed,fgr,/data/bianfeng/yixueOT/new_code_test/experiment_batches/processed/AbdomenMRCT_CT_MRI/AbdomenMRCT_0005__CT_to_MRI_mixed.npz,/data/bianfeng/yixueOT/new_code_test/compare_results/fgr/AbdomenMRCT_CT_MRI/AbdomenMRCT_0005__CT_to_MRI_mixed_fgr.npz,success,0.510901927947998,forward,6.578085047929403,20.166609870677508,nan,0.042158168571089664,0.5751265787359825,8.37254239653076,10.87704190518416,28.635642126552707,nan,nan,
AbdomenMRCT_CT_MRI,AbdomenMRCT_0005__CT_to_MRI_mixed,ants,/data/bianfeng/yixueOT/new_code_test/experiment_batches/processed/AbdomenMRCT_CT_MRI/AbdomenMRCT_0005__CT_to_MRI_mixed.npz,/data/bianfeng/yixueOT/new_code_test/compare_results/ants/AbdomenMRCT_CT_MRI/AbdomenMRCT_0005__CT_to_MRI_mixed_ants.npz,success,3.193615198135376,inverse,13.131758495560494,10.327951239144346,nan,0.08703947914308473,0.4306983864770255,10.354980739362079,15.433130242956054,50.47771785649585,nan,nan,
AbdomenMRCT_CT_MRI,AbdomenMRCT_0006__CT_to_MRI_mixed,modified,/data/bianfeng/yixueOT/new_code_test/experiment_batches/processed/AbdomenMRCT_CT_MRI/AbdomenMRCT_0006__CT_to_MRI_mixed.npz,/data/bianfeng/yixueOT/new_code_test/registration_results/modified/data/AbdomenMRCT_0006_CT_to_MRI_mixed_result.mat,success,0.622624,forward,5.865306679394926,33.74130190179829,nan,0.048961829186987944,0.7216913747613009,6.781761650520304,7.93512998899155,19.79898987322333,nan,nan,
AbdomenMRCT_CT_MRI,AbdomenMRCT_0006__CT_to_MRI_mixed,modified_full,/data/bianfeng/yixueOT/new_code_test/experiment_batches/processed/AbdomenMRCT_CT_MRI/AbdomenMRCT_0006__CT_to_MRI_mixed.npz,/data/bianfeng/yixueOT/new_code_test/registration_results/modified_full/data/AbdomenMRCT_0006_CT_to_MRI_mixed_result.mat,success,2.013914,forward,5.796366590322169,34.06851061718198,nan,0.05012969547254965,0.7244215010814682,6.657739709121594,7.870091446460943,20.0,nan,nan,
AbdomenMRCT_CT_MRI,AbdomenMRCT_0006__CT_to_MRI_mixed,random_baseline,/data/bianfeng/yixueOT/new_code_test/experiment_batches/processed/AbdomenMRCT_CT_MRI/AbdomenMRCT_0006__CT_to_MRI_mixed.npz,/data/bianfeng/yixueOT/new_code_test/registration_results/random_baseline/data/AbdomenMRCT_0006_CT_to_MRI_mixed_result.mat,success,0.523983,forward,5.540941659580916,35.94328133409691,nan,0.05485486206646298,0.7311365963696261,6.2345582850104595,7.739360995762166,20.8806130178211,nan,nan,
AbdomenMRCT_CT_MRI,AbdomenMRCT_0006__CT_to_MRI_mixed,icp,/data/bianfeng/yixueOT/new_code_test/experiment_batches/processed/AbdomenMRCT_CT_MRI/AbdomenMRCT_0006__CT_to_MRI_mixed.npz,/data/bianfeng/yixueOT/new_code_test/compare_results/icp/AbdomenMRCT_CT_MRI/AbdomenMRCT_0006__CT_to_MRI_mixed_icp.npz,success,1.4526453018188477,forward,5.55357515885686,35.58216281515388,nan,0.050430169054957244,0.7255939896754491,6.352695776613193,8.033641886827112,25.612496949731394,nan,nan,
AbdomenMRCT_CT_MRI,AbdomenMRCT_0006__CT_to_MRI_mixed,fgr,/data/bianfeng/yixueOT/new_code_test/experiment_batches/processed/AbdomenMRCT_CT_MRI/AbdomenMRCT_0006__CT_to_MRI_mixed.npz,/data/bianfeng/yixueOT/new_code_test/compare_results/fgr/AbdomenMRCT_CT_MRI/AbdomenMRCT_0006__CT_to_MRI_mixed_fgr.npz,success,0.33018064498901367,forward,5.939779422639034,33.452531691212755,nan,0.05818776391537302,0.7249677461678073,6.575663012254817,7.912960974074833,20.09975124224178,nan,nan,
AbdomenMRCT_CT_MRI,AbdomenMRCT_0006__CT_to_MRI_mixed,ants,/data/bianfeng/yixueOT/new_code_test/experiment_batches/processed/AbdomenMRCT_CT_MRI/AbdomenMRCT_0006__CT_to_MRI_mixed.npz,/data/bianfeng/yixueOT/new_code_test/compare_results/ants/AbdomenMRCT_CT_MRI/AbdomenMRCT_0006__CT_to_MRI_mixed_ants.npz,success,3.0607118606567383,inverse,17.09409940305799,14.48009220655519,nan,0.09502165977789784,0.4193641844947313,13.639736427082033,17.213338442440623,46.8187996428785,nan,nan,
AbdomenMRCT_CT_MRI,AbdomenMRCT_0007__CT_to_MRI_mixed,modified,/data/bianfeng/yixueOT/new_code_test/experiment_batches/processed/AbdomenMRCT_CT_MRI/AbdomenMRCT_0007__CT_to_MRI_mixed.npz,/data/bianfeng/yixueOT/new_code_test/registration_results/modified/data/AbdomenMRCT_0007_CT_to_MRI_mixed_result.mat,success,0.636527,forward,13.624634284825218,60.2955014735252,nan,0.07476982778324318,0.6140128952051771,11.334687004181365,9.643061934652877,24.819347291981714,nan,nan,
AbdomenMRCT_CT_MRI,AbdomenMRCT_0007__CT_to_MRI_mixed,modified_full,/data/bianfeng/yixueOT/new_code_test/experiment_batches/processed/AbdomenMRCT_CT_MRI/AbdomenMRCT_0007__CT_to_MRI_mixed.npz,/data/bianfeng/yixueOT/new_code_test/registration_results/modified_full/data/AbdomenMRCT_0007_CT_to_MRI_mixed_result.mat,success,1.913099,forward,13.703360729216417,58.22748088223733,nan,0.0692329330753568,0.6232129636594703,11.234517103240156,9.45051223535469,25.37715508089904,nan,nan,
AbdomenMRCT_CT_MRI,AbdomenMRCT_0007__CT_to_MRI_mixed,random_baseline,/data/bianfeng/yixueOT/new_code_test/experiment_batches/processed/AbdomenMRCT_CT_MRI/AbdomenMRCT_0007__CT_to_MRI_mixed.npz,/data/bianfeng/yixueOT/new_code_test/registration_results/random_baseline/data/AbdomenMRCT_0007_CT_to_MRI_mixed_result.mat,success,0.469205,forward,13.461116784737891,59.91066615276403,nan,0.0721575534327748,0.6143926706338365,11.243762616652981,9.565174719855596,24.413111231467404,nan,nan,
AbdomenMRCT_CT_MRI,AbdomenMRCT_0007__CT_to_MRI_mixed,icp,/data/bianfeng/yixueOT/new_code_test/experiment_batches/processed/AbdomenMRCT_CT_MRI/AbdomenMRCT_0007__CT_to_MRI_mixed.npz,/data/bianfeng/yixueOT/new_code_test/compare_results/icp/AbdomenMRCT_CT_MRI/AbdomenMRCT_0007__CT_to_MRI_mixed_icp.npz,success,2.706794261932373,forward,14.306059224774616,54.37883249762875,nan,0.07320323146236757,0.6358903502173517,11.420570682839921,9.470419256604611,26.832815729997478,nan,nan,
AbdomenMRCT_CT_MRI,AbdomenMRCT_0007__CT_to_MRI_mixed,fgr,/data/bianfeng/yixueOT/new_code_test/experiment_batches/processed/AbdomenMRCT_CT_MRI/AbdomenMRCT_0007__CT_to_MRI_mixed.npz,/data/bianfeng/yixueOT/new_code_test/compare_results/fgr/AbdomenMRCT_CT_MRI/AbdomenMRCT_0007__CT_to_MRI_mixed_fgr.npz,success,0.42994213104248047,forward,16.86236705883243,60.074400154399015,nan,0.03755780143926917,0.5879467802527978,12.856195041482115,10.665738788277153,32.37282811247729,nan,nan,
AbdomenMRCT_CT_MRI,AbdomenMRCT_0007__CT_to_MRI_mixed,ants,/data/bianfeng/yixueOT/new_code_test/experiment_batches/processed/AbdomenMRCT_CT_MRI/AbdomenMRCT_0007__CT_to_MRI_mixed.npz,/data/bianfeng/yixueOT/new_code_test/compare_results/ants/AbdomenMRCT_CT_MRI/AbdomenMRCT_0007__CT_to_MRI_mixed_ants.npz,success,3.283626079559326,forward,23.534610069072556,36.94947388147466,nan,0.12301918071074795,0.44166214680765986,19.163354396066,16.895019442177805,44.58699361921591,nan,nan,
AbdomenMRCT_CT_MRI,AbdomenMRCT_0008__CT_to_MRI_mixed,modified,/data/bianfeng/yixueOT/new_code_test/experiment_batches/processed/AbdomenMRCT_CT_MRI/AbdomenMRCT_0008__CT_to_MRI_mixed.npz,/data/bianfeng/yixueOT/new_code_test/registration_results/modified/data/AbdomenMRCT_0008_CT_to_MRI_mixed_result.mat,success,0.675018,forward,7.52747861636644,17.652751122350637,nan,0.14913712783018615,0.7943973404118239,5.7918136303137295,5.313133766895707,14.142135623730951,nan,nan,
AbdomenMRCT_CT_MRI,AbdomenMRCT_0008__CT_to_MRI_mixed,modified_full,/data/bianfeng/yixueOT/new_code_test/experiment_batches/processed/AbdomenMRCT_CT_MRI/AbdomenMRCT_0008__CT_to_MRI_mixed.npz,/data/bianfeng/yixueOT/new_code_test/registration_results/modified_full/data/AbdomenMRCT_0008_CT_to_MRI_mixed_result.mat,success,2.138312,forward,7.418007290395322,17.810966769192586,nan,0.14032987347558643,0.8022999845391564,5.6034436154051095,5.123570250597476,13.564659966250536,nan,nan,
AbdomenMRCT_CT_MRI,AbdomenMRCT_0008__CT_to_MRI_mixed,random_baseline,/data/bianfeng/yixueOT/new_code_test/experiment_batches/processed/AbdomenMRCT_CT_MRI/AbdomenMRCT_0008__CT_to_MRI_mixed.npz,/data/bianfeng/yixueOT/new_code_test/registration_results/random_baseline/data/AbdomenMRCT_0008_CT_to_MRI_mixed_result.mat,success,0.477365,forward,7.563432045984112,19.072288211026226,nan,0.12899281378851785,0.7997423225937071,5.722523969600423,5.171853736678587,14.142135623730951,nan,nan,
AbdomenMRCT_CT_MRI,AbdomenMRCT_0008__CT_to_MRI_mixed,icp,/data/bianfeng/yixueOT/new_code_test/experiment_batches/processed/AbdomenMRCT_CT_MRI/AbdomenMRCT_0008__CT_to_MRI_mixed.npz,/data/bianfeng/yixueOT/new_code_test/compare_results/icp/AbdomenMRCT_CT_MRI/AbdomenMRCT_0008__CT_to_MRI_mixed_icp.npz,success,1.616164207458496,forward,7.784605336062629,17.341919421575035,nan,0.14797931559006294,0.8074527301643399,5.572227126892151,4.999771231677845,12.806248474865697,nan,nan,
AbdomenMRCT_CT_MRI,AbdomenMRCT_0008__CT_to_MRI_mixed,fgr,/data/bianfeng/yixueOT/new_code_test/experiment_batches/processed/AbdomenMRCT_CT_MRI/AbdomenMRCT_0008__CT_to_MRI_mixed.npz,/data/bianfeng/yixueOT/new_code_test/compare_results/fgr/AbdomenMRCT_CT_MRI/AbdomenMRCT_0008__CT_to_MRI_mixed_fgr.npz,success,0.3794558048248291,forward,7.652927217962264,18.559372485025214,nan,0.14271146359570877,0.7898817860738363,5.915713792129984,5.43215345212313,14.142135623730951,nan,nan,
AbdomenMRCT_CT_MRI,AbdomenMRCT_0008__CT_to_MRI_mixed,ants,/data/bianfeng/yixueOT/new_code_test/experiment_batches/processed/AbdomenMRCT_CT_MRI/AbdomenMRCT_0008__CT_to_MRI_mixed.npz,/data/bianfeng/yixueOT/new_code_test/compare_results/ants/AbdomenMRCT_CT_MRI/AbdomenMRCT_0008__CT_to_MRI_mixed_ants.npz,success,3.7193994522094727,inverse,14.187586189064039,8.938680891431387,nan,0.14557836173375632,0.7160512916800124,7.814922147661224,7.314440794929655,16.73320053068151,nan,nan,
LungCT_CT_CT_TRE,LungCT_0001__CT_to_CT_mixed,modified,/data/bianfeng/yixueOT/new_code_test/experiment_batches/processed/LungCT_CT_CT_TRE/LungCT_0001__CT_to_CT_mixed.npz,/data/bianfeng/yixueOT/new_code_test/registration_results/modified/data/LungCT_0001_CT_to_CT_mixed_result.mat,success,0.781624,forward,7.260179721879855,7.856657625685275,nan,nan,nan,9.210133262325998,11.320400748712531,29.776248924268483,22.57337223843489,16.33333031745416,
LungCT_CT_CT_TRE,LungCT_0001__CT_to_CT_mixed,modified_full,/data/bianfeng/yixueOT/new_code_test/experiment_batches/processed/LungCT_CT_CT_TRE/LungCT_0001__CT_to_CT_mixed.npz,/data/bianfeng/yixueOT/new_code_test/registration_results/modified_full/data/LungCT_0001_CT_to_CT_mixed_result.mat,success,2.285877,forward,7.21066313383719,7.944254308141493,nan,nan,nan,9.152455185573132,11.280893552587823,29.801426140371202,22.21106955052303,16.23966877944106,
LungCT_CT_CT_TRE,LungCT_0001__CT_to_CT_mixed,random_baseline,/data/bianfeng/yixueOT/new_code_test/experiment_batches/processed/LungCT_CT_CT_TRE/LungCT_0001__CT_to_CT_mixed.npz,/data/bianfeng/yixueOT/new_code_test/registration_results/random_baseline/data/LungCT_0001_CT_to_CT_mixed_result.mat,success,0.845057,forward,7.07158015905715,7.457244058517972,nan,nan,nan,8.986433334296162,11.232599054776692,30.849432733844555,25.072338964866336,17.29401748487043,
LungCT_CT_CT_TRE,LungCT_0001__CT_to_CT_mixed,icp,/data/bianfeng/yixueOT/new_code_test/experiment_batches/processed/LungCT_CT_CT_TRE/LungCT_0001__CT_to_CT_mixed.npz,/data/bianfeng/yixueOT/new_code_test/compare_results/icp/LungCT_CT_CT_TRE/LungCT_0001__CT_to_CT_mixed_icp.npz,success,2.1410727500915527,forward,6.343483799600903,6.856649043441367,nan,nan,nan,7.5048938017312175,13.321276746859649,56.027337077537425,37.22080004201605,27.1966147962693,
LungCT_CT_CT_TRE,LungCT_0001__CT_to_CT_mixed,fgr,/data/bianfeng/yixueOT/new_code_test/experiment_batches/processed/LungCT_CT_CT_TRE/LungCT_0001__CT_to_CT_mixed.npz,/data/bianfeng/yixueOT/new_code_test/compare_results/fgr/LungCT_CT_CT_TRE/LungCT_0001__CT_to_CT_mixed_fgr.npz,success,0.47540903091430664,forward,6.989794615974804,8.423823511956211,nan,nan,nan,9.112929889599684,11.702763068265101,33.9788537181583,24.6526179571684,15.257991044515718,
LungCT_CT_CT_TRE,LungCT_0001__CT_to_CT_mixed,ants,/data/bianfeng/yixueOT/new_code_test/experiment_batches/processed/LungCT_CT_CT_TRE/LungCT_0001__CT_to_CT_mixed.npz,/data/bianfeng/yixueOT/new_code_test/compare_results/ants/LungCT_CT_CT_TRE/LungCT_0001__CT_to_CT_mixed_ants.npz,success,7.421860218048096,inverse,7.0675641276328385,6.422489930281071,nan,nan,nan,7.870498496304753,13.060277497750334,52.5,30.766935886144964,22.58095121685437,
LungCT_CT_CT_TRE,LungCT_0002__CT_to_CT_mixed,modified,/data/bianfeng/yixueOT/new_code_test/experiment_batches/processed/LungCT_CT_CT_TRE/LungCT_0002__CT_to_CT_mixed.npz,/data/bianfeng/yixueOT/new_code_test/registration_results/modified/data/LungCT_0002_CT_to_CT_mixed_result.mat,success,0.646864,forward,7.502395105185991,11.927874249032914,nan,nan,nan,6.530784767186161,6.7869902385563226,20.30240133580262,27.219388309161683,16.037196590579242,
LungCT_CT_CT_TRE,LungCT_0002__CT_to_CT_mixed,modified_full,/data/bianfeng/yixueOT/new_code_test/experiment_batches/processed/LungCT_CT_CT_TRE/LungCT_0002__CT_to_CT_mixed.npz,/data/bianfeng/yixueOT/new_code_test/registration_results/modified_full/data/LungCT_0002_CT_to_CT_mixed_result.mat,success,2.123808,forward,7.372972588478044,11.660803942391889,nan,nan,nan,6.209299160871725,6.482378698608917,19.857303442310588,25.572740567008218,15.372445607445322,
LungCT_CT_CT_TRE,LungCT_0002__CT_to_CT_mixed,random_baseline,/data/bianfeng/yixueOT/new_code_test/experiment_batches/processed/LungCT_CT_CT_TRE/LungCT_0002__CT_to_CT_mixed.npz,/data/bianfeng/yixueOT/new_code_test/registration_results/random_baseline/data/LungCT_0002_CT_to_CT_mixed_result.mat,success,0.572602,forward,7.357181986751622,11.800558583144262,nan,nan,nan,6.377483170148713,6.620128721820885,19.119688804998894,25.42581786084766,16.98965376095341,
LungCT_CT_CT_TRE,LungCT_0002__CT_to_CT_mixed,icp,/data/bianfeng/yixueOT/new_code_test/experiment_batches/processed/LungCT_CT_CT_TRE/LungCT_0002__CT_to_CT_mixed.npz,/data/bianfeng/yixueOT/new_code_test/compare_results/icp/LungCT_CT_CT_TRE/LungCT_0002__CT_to_CT_mixed_icp.npz,success,1.2312400341033936,forward,8.034198130518392,9.157519250195405,nan,nan,nan,5.6860464313286245,5.877452014726892,17.97220075561143,22.747071229677168,14.784265433586183,
LungCT_CT_CT_TRE,LungCT_0002__CT_to_CT_mixed,fgr,/data/bianfeng/yixueOT/new_code_test/experiment_batches/processed/LungCT_CT_CT_TRE/LungCT_0002__CT_to_CT_mixed.npz,/data/bianfeng/yixueOT/new_code_test/compare_results/fgr/LungCT_CT_CT_TRE/LungCT_0002__CT_to_CT_mixed_fgr.npz,success,0.5345451831817627,inverse,9.016213238740342,8.682273781508002,nan,nan,nan,6.438744847506904,6.5903804714545196,19.119688804998894,25.869360317172582,18.868671846071088,
LungCT_CT_CT_TRE,LungCT_0002__CT_to_CT_mixed,ants,/data/bianfeng/yixueOT/new_code_test/experiment_batches/processed/LungCT_CT_CT_TRE/LungCT_0002__CT_to_CT_mixed.npz,/data/bianfeng/yixueOT/new_code_test/compare_results/ants/LungCT_CT_CT_TRE/LungCT_0002__CT_to_CT_mixed_ants.npz,success,6.972819805145264,inverse,9.12997389266293,8.070729447813049,nan,nan,nan,5.73444408395925,5.9312792214636785,17.714753738056874,23.22658118498834,15.338795806850875,
LungCT_CT_CT_TRE,LungCT_0003__CT_to_CT_mixed,modified,/data/bianfeng/yixueOT/new_code_test/experiment_batches/processed/LungCT_CT_CT_TRE/LungCT_0003__CT_to_CT_mixed.npz,/data/bianfeng/yixueOT/new_code_test/registration_results/modified/data/LungCT_0003_CT_to_CT_mixed_result.mat,success,0.670836,forward,7.419043682069462,8.812866059008304,nan,nan,nan,6.849845894588506,8.73193712560138,26.600046992439694,31.22535045553195,20.933428229276487,
LungCT_CT_CT_TRE,LungCT_0003__CT_to_CT_mixed,modified_full,/data/bianfeng/yixueOT/new_code_test/experiment_batches/processed/LungCT_CT_CT_TRE/LungCT_0003__CT_to_CT_mixed.npz,/data/bianfeng/yixueOT/new_code_test/registration_results/modified_full/data/LungCT_0003_CT_to_CT_mixed_result.mat,success,2.115218,forward,7.081859857673627,8.326504809033741,nan,nan,nan,6.426172194872846,8.383283103317652,26.721947908039937,29.442678941807525,19.44874635211635,
LungCT_CT_CT_TRE,LungCT_0003__CT_to_CT_mixed,random_baseline,/data/bianfeng/yixueOT/new_code_test/experiment_batches/processed/LungCT_CT_CT_TRE/LungCT_0003__CT_to_CT_mixed.npz,/data/bianfeng/yixueOT/new_code_test/registration_results/random_baseline/data/LungCT_0003_CT_to_CT_mixed_result.mat,success,0.754976,forward,6.551200349931902,7.4041928493823,nan,nan,nan,5.656452932098481,8.143862540637837,29.776248924268483,28.001055954967402,15.672624244270116,
LungCT_CT_CT_TRE,LungCT_0003__CT_to_CT_mixed,icp,/data/bianfeng/yixueOT/new_code_test/experiment_batches/processed/LungCT_CT_CT_TRE/LungCT_0003__CT_to_CT_mixed.npz,/data/bianfeng/yixueOT/new_code_test/compare_results/icp/LungCT_CT_CT_TRE/LungCT_0003__CT_to_CT_mixed_icp.npz,success,1.8617823123931885,forward,5.40093363829939,5.622917538258026,nan,nan,nan,3.953013324849418,7.615936945129025,40.87232385903753,17.779264388204634,8.750653335121381,
LungCT_CT_CT_TRE,LungCT_0003__CT_to_CT_mixed,fgr,/data/bianfeng/yixueOT/new_code_test/experiment_batches/processed/LungCT_CT_CT_TRE/LungCT_0003__CT_to_CT_mixed.npz,/data/bianfeng/yixueOT/new_code_test/compare_results/fgr/LungCT_CT_CT_TRE/LungCT_0003__CT_to_CT_mixed_fgr.npz,success,0.43222713470458984,forward,6.139762827727911,6.384689817801161,nan,nan,nan,4.852462956348836,8.462954120852,41.27802078588556,19.9556666600649,11.845910272664076,
LungCT_CT_CT_TRE,LungCT_0003__CT_to_CT_mixed,ants,/data/bianfeng/yixueOT/new_code_test/experiment_batches/processed/LungCT_CT_CT_TRE/LungCT_0003__CT_to_CT_mixed.npz,/data/bianfeng/yixueOT/new_code_test/compare_results/ants/LungCT_CT_CT_TRE/LungCT_0003__CT_to_CT_mixed_ants.npz,success,5.917257308959961,inverse,5.532007192487303,5.47043155467811,nan,nan,nan,3.9548311562629848,7.464975436650653,39.18649034521866,16.144707413283143,8.146200865237056,
RIRE_CT_MRI,patient_001_RIREPD__CT_to_MRI_mixed,modified,/data/bianfeng/yixueOT/new_code_test/experiment_batches/processed/RIRE_CT_MRI/patient_001_RIREPD__CT_to_MRI_mixed.npz,/data/bianfeng/yixueOT/new_code_test/registration_results/modified/data/patient_001_RIREPD_CT_to_MRI_mixed_result.mat,success,0.876234,forward,4.2716172056760735,13.910746959843767,4.2716172056760735,nan,nan,1.241682213125919,3.2439332825255995,15.56608677991116,nan,nan,
RIRE_CT_MRI,patient_001_RIREPD__CT_to_MRI_mixed,modified_full,/data/bianfeng/yixueOT/new_code_test/experiment_batches/processed/RIRE_CT_MRI/patient_001_RIREPD__CT_to_MRI_mixed.npz,/data/bianfeng/yixueOT/new_code_test/registration_results/modified_full/data/patient_001_RIREPD_CT_to_MRI_mixed_result.mat,success,2.151423,forward,3.921897632591488,14.50579506235519,3.921897632591488,nan,nan,0.919837357858257,2.9718844132487803,15.375093173194918,nan,nan,
RIRE_CT_MRI,patient_001_RIREPD__CT_to_MRI_mixed,random_baseline,/data/bianfeng/yixueOT/new_code_test/experiment_batches/processed/RIRE_CT_MRI/patient_001_RIREPD__CT_to_MRI_mixed.npz,/data/bianfeng/yixueOT/new_code_test/registration_results/random_baseline/data/patient_001_RIREPD_CT_to_MRI_mixed_result.mat,success,0.751865,forward,3.888470082299085,15.107733316900996,3.888470082299085,nan,nan,0.7821456852847871,2.849957228317723,15.095867088130445,nan,nan,
RIRE_CT_MRI,patient_001_RIREPD__CT_to_MRI_mixed,icp,/data/bianfeng/yixueOT/new_code_test/experiment_batches/processed/RIRE_CT_MRI/patient_001_RIREPD__CT_to_MRI_mixed.npz,/data/bianfeng/yixueOT/new_code_test/compare_results/icp/RIRE_CT_MRI/patient_001_RIREPD__CT_to_MRI_mixed_icp.npz,success,2.0316388607025146,forward,3.8338506711271547,15.299973077813737,3.8338506711271547,nan,nan,0.7236049441940485,2.836278170968692,15.095867088130445,nan,nan,
RIRE_CT_MRI,patient_001_RIREPD__CT_to_MRI_mixed,fgr,/data/bianfeng/yixueOT/new_code_test/experiment_batches/processed/RIRE_CT_MRI/patient_001_RIREPD__CT_to_MRI_mixed.npz,/data/bianfeng/yixueOT/new_code_test/compare_results/fgr/RIRE_CT_MRI/patient_001_RIREPD__CT_to_MRI_mixed_fgr.npz,success,0.6306943893432617,forward,5.555766751428691,13.098719083813315,5.555766751428691,nan,nan,2.7035310808244906,4.464387791649771,16.503007701416884,nan,nan,
RIRE_CT_MRI,patient_001_RIREPD__CT_to_MRI_mixed,ants,/data/bianfeng/yixueOT/new_code_test/experiment_batches/processed/RIRE_CT_MRI/patient_001_RIREPD__CT_to_MRI_mixed.npz,/data/bianfeng/yixueOT/new_code_test/compare_results/ants/RIRE_CT_MRI/patient_001_RIREPD__CT_to_MRI_mixed_ants.npz,success,2.1960713863372803,inverse,15.104287145893318,4.005469517478394,4.005469517478394,nan,nan,0.8455688520419165,2.9397562249511386,15.322907891500229,nan,nan,
RIRE_CT_MRI,patient_001_RIRET1__CT_to_MRI_mixed,modified,/data/bianfeng/yixueOT/new_code_test/experiment_batches/processed/RIRE_CT_MRI/patient_001_RIRET1__CT_to_MRI_mixed.npz,/data/bianfeng/yixueOT/new_code_test/registration_results/modified/data/patient_001_RIRET1_CT_to_MRI_mixed_result.mat,success,0.694214,forward,4.346082560675272,13.382002090246953,4.346082560675272,nan,nan,1.5012390118471068,3.8755967097719326,17.140522399247114,nan,nan,
RIRE_CT_MRI,patient_001_RIRET1__CT_to_MRI_mixed,modified_full,/data/bianfeng/yixueOT/new_code_test/experiment_batches/processed/RIRE_CT_MRI/patient_001_RIRET1__CT_to_MRI_mixed.npz,/data/bianfeng/yixueOT/new_code_test/registration_results/modified_full/data/patient_001_RIRET1_CT_to_MRI_mixed_result.mat,success,2.380418,forward,3.93962781697364,14.136800053327484,3.93962781697364,nan,nan,1.0231771365043658,3.516748432196937,16.5152,nan,nan,
RIRE_CT_MRI,patient_001_RIRET1__CT_to_MRI_mixed,random_baseline,/data/bianfeng/yixueOT/new_code_test/experiment_batches/processed/RIRE_CT_MRI/patient_001_RIRET1__CT_to_MRI_mixed.npz,/data/bianfeng/yixueOT/new_code_test/registration_results/random_baseline/data/patient_001_RIRET1_CT_to_MRI_mixed_result.mat,success,1.008633,forward,3.966073090560126,14.650524080794586,3.966073090560126,nan,nan,1.1116866259957658,3.5593443433748617,16.5152,nan,nan,
RIRE_CT_MRI,patient_001_RIRET1__CT_to_MRI_mixed,icp,/data/bianfeng/yixueOT/new_code_test/experiment_batches/processed/RIRE_CT_MRI/patient_001_RIRET1__CT_to_MRI_mixed.npz,/data/bianfeng/yixueOT/new_code_test/compare_results/icp/RIRE_CT_MRI/patient_001_RIRET1__CT_to_MRI_mixed_icp.npz,success,2.073230743408203,forward,3.814835287325603,15.202094450002866,3.814835287325603,nan,nan,0.760377688173813,3.3153344937783213,16.5152,nan,nan,
RIRE_CT_MRI,patient_001_RIRET1__CT_to_MRI_mixed,fgr,/data/bianfeng/yixueOT/new_code_test/experiment_batches/processed/RIRE_CT_MRI/patient_001_RIRET1__CT_to_MRI_mixed.npz,/data/bianfeng/yixueOT/new_code_test/compare_results/fgr/RIRE_CT_MRI/patient_001_RIRET1__CT_to_MRI_mixed_fgr.npz,success,0.5514838695526123,forward,5.374592705705898,11.168416190755686,5.374592705705898,nan,nan,2.7024284714926496,4.783879719662055,19.634945107480288,nan,nan,
RIRE_CT_MRI,patient_001_RIRET1__CT_to_MRI_mixed,ants,/data/bianfeng/yixueOT/new_code_test/experiment_batches/processed/RIRE_CT_MRI/patient_001_RIRET1__CT_to_MRI_mixed.npz,/data/bianfeng/yixueOT/new_code_test/compare_results/ants/RIRE_CT_MRI/patient_001_RIRET1__CT_to_MRI_mixed_ants.npz,success,1.897392749786377,inverse,15.28884578084759,3.907080127981742,3.907080127981742,nan,nan,0.7788946876622529,3.3061145370483525,16.490948327391,nan,nan,
RIRE_CT_MRI,patient_001_RIRET2__CT_to_MRI_mixed,modified,/data/bianfeng/yixueOT/new_code_test/experiment_batches/processed/RIRE_CT_MRI/patient_001_RIRET2__CT_to_MRI_mixed.npz,/data/bianfeng/yixueOT/new_code_test/registration_results/modified/data/patient_001_RIRET2_CT_to_MRI_mixed_result.mat,success,0.934528,forward,6.184193605569046,13.556186471825725,6.184193605569046,nan,nan,3.4598565842895637,5.3174855592015575,17.77867081447879,nan,nan,
RIRE_CT_MRI,patient_001_RIRET2__CT_to_MRI_mixed,modified_full,/data/bianfeng/yixueOT/new_code_test/experiment_batches/processed/RIRE_CT_MRI/patient_001_RIRET2__CT_to_MRI_mixed.npz,/data/bianfeng/yixueOT/new_code_test/registration_results/modified_full/data/patient_001_RIRET2_CT_to_MRI_mixed_result.mat,success,2.8873,forward,5.834452538804206,13.864491026268714,5.834452538804206,nan,nan,3.0833890362752823,5.07319922653164,18.82543803320433,nan,nan,
RIRE_CT_MRI,patient_001_RIRET2__CT_to_MRI_mixed,random_baseline,/data/bianfeng/yixueOT/new_code_test/experiment_batches/processed/RIRE_CT_MRI/patient_001_RIRET2__CT_to_MRI_mixed.npz,/data/bianfeng/yixueOT/new_code_test/registration_results/random_baseline/data/patient_001_RIRET2_CT_to_MRI_mixed_result.mat,success,1.157503,forward,5.740116277027385,14.772602873222613,5.740116277027385,nan,nan,2.763543633237115,4.768165689730753,18.049548111333976,nan,nan,
RIRE_CT_MRI,patient_001_RIRET2__CT_to_MRI_mixed,icp,/data/bianfeng/yixueOT/new_code_test/experiment_batches/processed/RIRE_CT_MRI/patient_001_RIRET2__CT_to_MRI_mixed.npz,/data/bianfeng/yixueOT/new_code_test/compare_results/icp/RIRE_CT_MRI/patient_001_RIRET2__CT_to_MRI_mixed_icp.npz,success,2.1248741149902344,forward,5.662611673660139,15.00390138870716,5.662611673660139,nan,nan,2.698814818048813,4.794245321763023,18.25411801606728,nan,nan,
RIRE_CT_MRI,patient_001_RIRET2__CT_to_MRI_mixed,fgr,/data/bianfeng/yixueOT/new_code_test/experiment_batches/processed/RIRE_CT_MRI/patient_001_RIRET2__CT_to_MRI_mixed.npz,/data/bianfeng/yixueOT/new_code_test/compare_results/fgr/RIRE_CT_MRI/patient_001_RIRET2__CT_to_MRI_mixed_fgr.npz,success,0.5774235725402832,forward,6.027833046991382,15.240282105443553,6.027833046991382,nan,nan,2.8691520938890895,4.783310623788761,17.537249348349242,nan,nan,
RIRE_CT_MRI,patient_001_RIRET2__CT_to_MRI_mixed,ants,/data/bianfeng/yixueOT/new_code_test/experiment_batches/processed/RIRE_CT_MRI/patient_001_RIRET2__CT_to_MRI_mixed.npz,/data/bianfeng/yixueOT/new_code_test/compare_results/ants/RIRE_CT_MRI/patient_001_RIRET2__CT_to_MRI_mixed_ants.npz,success,2.4164764881134033,inverse,15.932452106927125,5.812712033234101,5.812712033234101,nan,nan,2.7221759287962843,4.709719127372832,17.491469573517257,nan,nan,
RIRE_CT_MRI,patient_002_RIREPD__CT_to_MRI_mixed,modified,/data/bianfeng/yixueOT/new_code_test/experiment_batches/processed/RIRE_CT_MRI/patient_002_RIREPD__CT_to_MRI_mixed.npz,/data/bianfeng/yixueOT/new_code_test/registration_results/modified/data/patient_002_RIREPD_CT_to_MRI_mixed_result.mat,success,0.708789,forward,6.011786737420766,24.397599265744354,6.011786737420766,nan,nan,2.451780857735437,4.946169496037892,18.684203242018967,nan,nan,
RIRE_CT_MRI,patient_002_RIREPD__CT_to_MRI_mixed,modified_full,/data/bianfeng/yixueOT/new_code_test/experiment_batches/processed/RIRE_CT_MRI/patient_002_RIREPD__CT_to_MRI_mixed.npz,/data/bianfeng/yixueOT/new_code_test/registration_results/modified_full/data/patient_002_RIREPD_CT_to_MRI_mixed_result.mat,success,2.6221,forward,6.031185132747466,23.759916125186294,6.031185132747466,nan,nan,2.8312014465435418,5.344776614114778,19.504335378273314,nan,nan,
RIRE_CT_MRI,patient_002_RIREPD__CT_to_MRI_mixed,random_baseline,/data/bianfeng/yixueOT/new_code_test/experiment_batches/processed/RIRE_CT_MRI/patient_002_RIREPD__CT_to_MRI_mixed.npz,/data/bianfeng/yixueOT/new_code_test/registration_results/random_baseline/data/patient_002_RIREPD_CT_to_MRI_mixed_result.mat,success,0.783508,forward,6.149293010857238,22.721345181643816,6.149293010857238,nan,nan,2.864419366321545,5.357080363669297,19.764442097304595,nan,nan,
RIRE_CT_MRI,patient_002_RIREPD__CT_to_MRI_mixed,icp,/data/bianfeng/yixueOT/new_code_test/experiment_batches/processed/RIRE_CT_MRI/patient_002_RIREPD__CT_to_MRI_mixed.npz,/data/bianfeng/yixueOT/new_code_test/compare_results/icp/RIRE_CT_MRI/patient_002_RIREPD__CT_to_MRI_mixed_icp.npz,success,2.1781349182128906,forward,5.867648053967827,24.914143320962268,5.867648053967827,nan,nan,2.523821878790143,5.0342897723281945,18.567679387648017,nan,nan,
RIRE_CT_MRI,patient_002_RIREPD__CT_to_MRI_mixed,fgr,/data/bianfeng/yixueOT/new_code_test/experiment_batches/processed/RIRE_CT_MRI/patient_002_RIREPD__CT_to_MRI_mixed.npz,/data/bianfeng/yixueOT/new_code_test/compare_results/fgr/RIRE_CT_MRI/patient_002_RIREPD__CT_to_MRI_mixed_fgr.npz,success,0.6122148036956787,forward,8.813148734388301,20.53051867777106,8.813148734388301,nan,nan,4.691030588626585,6.777880397251334,21.87448205227271,nan,nan,
RIRE_CT_MRI,patient_002_RIREPD__CT_to_MRI_mixed,ants,/data/bianfeng/yixueOT/new_code_test/experiment_batches/processed/RIRE_CT_MRI/patient_002_RIREPD__CT_to_MRI_mixed.npz,/data/bianfeng/yixueOT/new_code_test/compare_results/ants/RIRE_CT_MRI/patient_002_RIREPD__CT_to_MRI_mixed_ants.npz,success,1.8774583339691162,inverse,28.935877830565488,10.311631474552833,10.311631474552833,nan,nan,0.6767327695151255,2.909003460044764,14.473833757971695,nan,nan,
RIRE_CT_MRI,patient_002_RIRET1__CT_to_MRI_mixed,modified,/data/bianfeng/yixueOT/new_code_test/experiment_batches/processed/RIRE_CT_MRI/patient_002_RIRET1__CT_to_MRI_mixed.npz,/data/bianfeng/yixueOT/new_code_test/registration_results/modified/data/patient_002_RIRET1_CT_to_MRI_mixed_result.mat,success,0.735973,forward,6.329112822432414,23.07354332258948,6.329112822432414,nan,nan,2.4689312655024747,5.2561818854770115,19.74298964761396,nan,nan,
RIRE_CT_MRI,patient_002_RIRET1__CT_to_MRI_mixed,modified_full,/data/bianfeng/yixueOT/new_code_test/experiment_batches/processed/RIRE_CT_MRI/patient_002_RIRET1__CT_to_MRI_mixed.npz,/data/bianfeng/yixueOT/new_code_test/registration_results/modified_full/data/patient_002_RIRET1_CT_to_MRI_mixed_result.mat,success,2.304414,forward,6.5813552799113,23.643929441732027,6.5813552799113,nan,nan,2.486027271830216,5.225157530256158,19.50899860110508,nan,nan,
RIRE_CT_MRI,patient_002_RIRET1__CT_to_MRI_mixed,random_baseline,/data/bianfeng/yixueOT/new_code_test/experiment_batches/processed/RIRE_CT_MRI/patient_002_RIRET1__CT_to_MRI_mixed.npz,/data/bianfeng/yixueOT/new_code_test/registration_results/random_baseline/data/patient_002_RIRET1_CT_to_MRI_mixed_result.mat,success,1.099595,forward,8.047885181241345,24.084705249661933,8.047885181241345,nan,nan,2.6410718666798116,5.052906384477939,19.259196669342572,nan,nan,
RIRE_CT_MRI,patient_002_RIRET1__CT_to_MRI_mixed,icp,/data/bianfeng/yixueOT/new_code_test/experiment_batches/processed/RIRE_CT_MRI/patient_002_RIRET1__CT_to_MRI_mixed.npz,/data/bianfeng/yixueOT/new_code_test/compare_results/icp/RIRE_CT_MRI/patient_002_RIRET1__CT_to_MRI_mixed_icp.npz,success,2.0985443592071533,forward,6.112458907209192,22.5219059153079,6.112458907209192,nan,nan,2.417950177338998,5.25954461548629,20.19573852311304,nan,nan,
RIRE_CT_MRI,patient_002_RIRET1__CT_to_MRI_mixed,fgr,/data/bianfeng/yixueOT/new_code_test/experiment_batches/processed/RIRE_CT_MRI/patient_002_RIRET1__CT_to_MRI_mixed.npz,/data/bianfeng/yixueOT/new_code_test/compare_results/fgr/RIRE_CT_MRI/patient_002_RIRET1__CT_to_MRI_mixed_fgr.npz,success,0.618337869644165,forward,8.13093331254039,20.944462026307928,8.13093331254039,nan,nan,2.8096163494166184,5.395442267795043,20.14509743979294,nan,nan,
RIRE_CT_MRI,patient_002_RIRET1__CT_to_MRI_mixed,ants,/data/bianfeng/yixueOT/new_code_test/experiment_batches/processed/RIRE_CT_MRI/patient_002_RIRET1__CT_to_MRI_mixed.npz,/data/bianfeng/yixueOT/new_code_test/compare_results/ants/RIRE_CT_MRI/patient_002_RIRET1__CT_to_MRI_mixed_ants.npz,success,1.9513907432556152,inverse,26.534186992153693,10.474520935114986,10.474520935114986,nan,nan,0.6747224615926808,3.2898311512991834,16.2224,nan,nan,
RIRE_CT_MRI,patient_002_RIRET2__CT_to_MRI_mixed,modified,/data/bianfeng/yixueOT/new_code_test/experiment_batches/processed/RIRE_CT_MRI/patient_002_RIRET2__CT_to_MRI_mixed.npz,/data/bianfeng/yixueOT/new_code_test/registration_results/modified/data/patient_002_RIRET2_CT_to_MRI_mixed_result.mat,success,0.926568,forward,10.826926690571598,34.07100760873328,10.826926690571598,nan,nan,5.982368804363005,6.900030400600945,20.228135021301394,nan,nan,
RIRE_CT_MRI,patient_002_RIRET2__CT_to_MRI_mixed,modified_full,/data/bianfeng/yixueOT/new_code_test/experiment_batches/processed/RIRE_CT_MRI/patient_002_RIRET2__CT_to_MRI_mixed.npz,/data/bianfeng/yixueOT/new_code_test/registration_results/modified_full/data/patient_002_RIRET2_CT_to_MRI_mixed_result.mat,success,2.658099,forward,11.271570266481662,32.373432827653126,11.271570266481662,nan,nan,6.771092987283647,7.506464293158684,21.943544298039,nan,nan,
RIRE_CT_MRI,patient_002_RIRET2__CT_to_MRI_mixed,random_baseline,/data/bianfeng/yixueOT/new_code_test/experiment_batches/processed/RIRE_CT_MRI/patient_002_RIRET2__CT_to_MRI_mixed.npz,/data/bianfeng/yixueOT/new_code_test/registration_results/random_baseline/data/patient_002_RIRET2_CT_to_MRI_mixed_result.mat,success,1.259599,forward,11.304648823539253,31.4017885391878,11.304648823539253,nan,nan,6.722489116397485,7.516779706696067,21.293747598902172,nan,nan,
RIRE_CT_MRI,patient_002_RIRET2__CT_to_MRI_mixed,icp,/data/bianfeng/yixueOT/new_code_test/experiment_batches/processed/RIRE_CT_MRI/patient_002_RIRET2__CT_to_MRI_mixed.npz,/data/bianfeng/yixueOT/new_code_test/compare_results/icp/RIRE_CT_MRI/patient_002_RIRET2__CT_to_MRI_mixed_icp.npz,success,2.809321403503418,forward,11.836780902098594,29.041606380996388,11.836780902098594,nan,nan,6.176814518454545,6.931288565510295,20.58437308834058,nan,nan,
RIRE_CT_MRI,patient_002_RIRET2__CT_to_MRI_mixed,fgr,/data/bianfeng/yixueOT/new_code_test/experiment_batches/processed/RIRE_CT_MRI/patient_002_RIRET2__CT_to_MRI_mixed.npz,/data/bianfeng/yixueOT/new_code_test/compare_results/fgr/RIRE_CT_MRI/patient_002_RIRET2__CT_to_MRI_mixed_fgr.npz,success,0.5422501564025879,forward,15.309434543952344,24.64069978973547,15.309434543952344,nan,nan,7.323898526281709,7.711789247603997,23.58352343141287,nan,nan,
RIRE_CT_MRI,patient_002_RIRET2__CT_to_MRI_mixed,ants,/data/bianfeng/yixueOT/new_code_test/experiment_batches/processed/RIRE_CT_MRI/patient_002_RIRET2__CT_to_MRI_mixed.npz,/data/bianfeng/yixueOT/new_code_test/compare_results/ants/RIRE_CT_MRI/patient_002_RIRET2__CT_to_MRI_mixed_ants.npz,success,2.278010368347168,inverse,36.50376776270554,12.745146260949575,12.745146260949575,nan,nan,3.9367962439133497,5.060875619435461,16.2912,nan,nan,
RIRE_CT_MRI,patient_003_RIREPD__CT_to_MRI_mixed,modified,/data/bianfeng/yixueOT/new_code_test/experiment_batches/processed/RIRE_CT_MRI/patient_003_RIREPD__CT_to_MRI_mixed.npz,/data/bianfeng/yixueOT/new_code_test/registration_results/modified/data/patient_003_RIREPD_CT_to_MRI_mixed_result.mat,success,0.933383,forward,20.403759681837453,56.45050039487201,20.403759681837453,nan,nan,5.159566330598362,7.113283622940893,20.379737185368043,nan,nan,
RIRE_CT_MRI,patient_003_RIREPD__CT_to_MRI_mixed,modified_full,/data/bianfeng/yixueOT/new_code_test/experiment_batches/processed/RIRE_CT_MRI/patient_003_RIREPD__CT_to_MRI_mixed.npz,/data/bianfeng/yixueOT/new_code_test/registration_results/modified_full/data/patient_003_RIREPD_CT_to_MRI_mixed_result.mat,success,2.679347,forward,22.32484284754109,51.05477623746201,22.32484284754109,nan,nan,6.151664150012131,7.706504604083933,22.33937058950305,nan,nan,
RIRE_CT_MRI,patient_003_RIREPD__CT_to_MRI_mixed,random_baseline,/data/bianfeng/yixueOT/new_code_test/experiment_batches/processed/RIRE_CT_MRI/patient_003_RIREPD__CT_to_MRI_mixed.npz,/data/bianfeng/yixueOT/new_code_test/registration_results/random_baseline/data/patient_003_RIREPD_CT_to_MRI_mixed_result.mat,success,1.209379,forward,22.32562769633511,50.07684147543492,22.32562769633511,nan,nan,6.195821353561511,7.806617674615267,22.556667121273236,nan,nan,
RIRE_CT_MRI,patient_003_RIREPD__CT_to_MRI_mixed,icp,/data/bianfeng/yixueOT/new_code_test/experiment_batches/processed/RIRE_CT_MRI/patient_003_RIREPD__CT_to_MRI_mixed.npz,/data/bianfeng/yixueOT/new_code_test/compare_results/icp/RIRE_CT_MRI/patient_003_RIREPD__CT_to_MRI_mixed_icp.npz,success,2.6130759716033936,forward,20.348819595024022,55.199407837071085,20.348819595024022,nan,nan,5.161832632713941,7.154676029203172,20.379737185368043,nan,nan,
RIRE_CT_MRI,patient_003_RIREPD__CT_to_MRI_mixed,fgr,/data/bianfeng/yixueOT/new_code_test/experiment_batches/processed/RIRE_CT_MRI/patient_003_RIREPD__CT_to_MRI_mixed.npz,/data/bianfeng/yixueOT/new_code_test/compare_results/fgr/RIRE_CT_MRI/patient_003_RIREPD__CT_to_MRI_mixed_fgr.npz,success,0.5090112686157227,forward,24.924633177186664,43.40432128731585,24.924633177186664,nan,nan,10.253044919039285,10.453702694482487,34.164255232664736,nan,nan,
RIRE_CT_MRI,patient_003_RIREPD__CT_to_MRI_mixed,ants,/data/bianfeng/yixueOT/new_code_test/experiment_batches/processed/RIRE_CT_MRI/patient_003_RIREPD__CT_to_MRI_mixed.npz,/data/bianfeng/yixueOT/new_code_test/compare_results/ants/RIRE_CT_MRI/patient_003_RIREPD__CT_to_MRI_mixed_ants.npz,success,2.121896743774414,inverse,72.20800086512789,32.10818827440011,32.10818827440011,nan,nan,1.1348100558333514,3.021129898922513,13.015121134460218,nan,nan,
RIRE_CT_MRI,patient_003_RIRET1__CT_to_MRI_mixed,modified,/data/bianfeng/yixueOT/new_code_test/experiment_batches/processed/RIRE_CT_MRI/patient_003_RIRET1__CT_to_MRI_mixed.npz,/data/bianfeng/yixueOT/new_code_test/registration_results/modified/data/patient_003_RIRET1_CT_to_MRI_mixed_result.mat,success,0.629847,forward,19.152513944608554,45.42320941918729,19.152513944608554,nan,nan,1.8851425488454054,5.30879134786079,24.2076853536781,nan,nan,
RIRE_CT_MRI,patient_003_RIRET1__CT_to_MRI_mixed,modified_full,/data/bianfeng/yixueOT/new_code_test/experiment_batches/processed/RIRE_CT_MRI/patient_003_RIRET1__CT_to_MRI_mixed.npz,/data/bianfeng/yixueOT/new_code_test/registration_results/modified_full/data/patient_003_RIRET1_CT_to_MRI_mixed_result.mat,success,2.175253,forward,21.412801184606007,40.21810869909214,21.412801184606007,nan,nan,2.47715390630257,5.569332850075261,22.674536498251953,nan,nan,
RIRE_CT_MRI,patient_003_RIRET1__CT_to_MRI_mixed,random_baseline,/data/bianfeng/yixueOT/new_code_test/experiment_batches/processed/RIRE_CT_MRI/patient_003_RIRET1__CT_to_MRI_mixed.npz,/data/bianfeng/yixueOT/new_code_test/registration_results/random_baseline/data/patient_003_RIRET1_CT_to_MRI_mixed_result.mat,success,1.322915,forward,21.452271447202122,39.626640396786954,21.452271447202122,nan,nan,2.5044940790814607,5.568259145332405,22.686705513423494,nan,nan,
RIRE_CT_MRI,patient_003_RIRET1__CT_to_MRI_mixed,icp,/data/bianfeng/yixueOT/new_code_test/experiment_batches/processed/RIRE_CT_MRI/patient_003_RIRET1__CT_to_MRI_mixed.npz,/data/bianfeng/yixueOT/new_code_test/compare_results/icp/RIRE_CT_MRI/patient_003_RIRET1__CT_to_MRI_mixed_icp.npz,success,1.5075197219848633,forward,20.940406595746087,40.64355710833543,20.940406595746087,nan,nan,2.4038830612136692,5.559924860653965,22.87939537973711,nan,nan,
RIRE_CT_MRI,patient_003_RIRET1__CT_to_MRI_mixed,fgr,/data/bianfeng/yixueOT/new_code_test/experiment_batches/processed/RIRE_CT_MRI/patient_003_RIRET1__CT_to_MRI_mixed.npz,/data/bianfeng/yixueOT/new_code_test/compare_results/fgr/RIRE_CT_MRI/patient_003_RIRET1__CT_to_MRI_mixed_fgr.npz,success,0.7212185859680176,forward,28.905960337263824,32.086162362842536,28.905960337263824,nan,nan,4.020294128182955,7.725825984569742,30.162987916172806,nan,nan,
RIRE_CT_MRI,patient_003_RIRET1__CT_to_MRI_mixed,ants,/data/bianfeng/yixueOT/new_code_test/experiment_batches/processed/RIRE_CT_MRI/patient_003_RIRET1__CT_to_MRI_mixed.npz,/data/bianfeng/yixueOT/new_code_test/compare_results/ants/RIRE_CT_MRI/patient_003_RIRET1__CT_to_MRI_mixed_ants.npz,success,2.383467197418213,inverse,54.55573672169353,22.481024705179816,22.481024705179816,nan,nan,0.5318226108477737,4.2026992796639515,24.3336,nan,nan,
RIRE_CT_MRI,patient_003_RIRET2__CT_to_MRI_mixed,modified,/data/bianfeng/yixueOT/new_code_test/experiment_batches/processed/RIRE_CT_MRI/patient_003_RIRET2__CT_to_MRI_mixed.npz,/data/bianfeng/yixueOT/new_code_test/registration_results/modified/data/patient_003_RIRET2_CT_to_MRI_mixed_result.mat,success,0.575993,forward,19.422418687435023,46.03484459589389,19.422418687435023,nan,nan,2.6373575149247905,4.17649485152479,15.196508595702632,nan,nan,
RIRE_CT_MRI,patient_003_RIRET2__CT_to_MRI_mixed,modified_full,/data/bianfeng/yixueOT/new_code_test/experiment_batches/processed/RIRE_CT_MRI/patient_003_RIRET2__CT_to_MRI_mixed.npz,/data/bianfeng/yixueOT/new_code_test/registration_results/modified_full/data/patient_003_RIRET2_CT_to_MRI_mixed_result.mat,success,2.335211,forward,21.6378909801565,41.35748026472487,21.6378909801565,nan,nan,3.2739261606759165,4.551104368112741,16.041751607903173,nan,nan,
RIRE_CT_MRI,patient_003_RIRET2__CT_to_MRI_mixed,random_baseline,/data/bianfeng/yixueOT/new_code_test/experiment_batches/processed/RIRE_CT_MRI/patient_003_RIRET2__CT_to_MRI_mixed.npz,/data/bianfeng/yixueOT/new_code_test/registration_results/random_baseline/data/patient_003_RIRET2_CT_to_MRI_mixed_result.mat,success,1.345602,forward,21.69147848983364,40.44070498509643,21.69147848983364,nan,nan,3.381874141110797,4.673461207637389,16.2416,nan,nan,
RIRE_CT_MRI,patient_003_RIRET2__CT_to_MRI_mixed,icp,/data/bianfeng/yixueOT/new_code_test/experiment_batches/processed/RIRE_CT_MRI/patient_003_RIRET2__CT_to_MRI_mixed.npz,/data/bianfeng/yixueOT/new_code_test/compare_results/icp/RIRE_CT_MRI/patient_003_RIRET2__CT_to_MRI_mixed_icp.npz,success,2.1611924171447754,forward,21.287673501016293,41.678530565688234,21.287673501016293,nan,nan,3.218682248150683,4.563978091419992,16.090976773000698,nan,nan,
RIRE_CT_MRI,patient_003_RIRET2__CT_to_MRI_mixed,fgr,/data/bianfeng/yixueOT/new_code_test/experiment_batches/processed/RIRE_CT_MRI/patient_003_RIRET2__CT_to_MRI_mixed.npz,/data/bianfeng/yixueOT/new_code_test/compare_results/fgr/RIRE_CT_MRI/patient_003_RIRET2__CT_to_MRI_mixed_fgr.npz,success,0.6459851264953613,forward,28.665969393932222,30.377406400425755,28.665969393932222,nan,nan,6.298765560075859,7.781840041972986,27.289140395094307,nan,nan,
RIRE_CT_MRI,patient_003_RIRET2__CT_to_MRI_mixed,ants,/data/bianfeng/yixueOT/new_code_test/experiment_batches/processed/RIRE_CT_MRI/patient_003_RIRET2__CT_to_MRI_mixed.npz,/data/bianfeng/yixueOT/new_code_test/compare_results/ants/RIRE_CT_MRI/patient_003_RIRET2__CT_to_MRI_mixed_ants.npz,success,2.7333405017852783,inverse,55.52016402349415,23.025671196472356,23.025671196472356,nan,nan,1.3694403696655744,2.9398240847858954,13.834392,nan,nan,
RIRE_CT_MRI,patient_004_RIREPD__CT_to_MRI_mixed,modified,/data/bianfeng/yixueOT/new_code_test/experiment_batches/processed/RIRE_CT_MRI/patient_004_RIREPD__CT_to_MRI_mixed.npz,/data/bianfeng/yixueOT/new_code_test/registration_results/modified/data/patient_004_RIREPD_CT_to_MRI_mixed_result.mat,success,0.944001,forward,11.81700206599757,34.590785455394844,11.81700206599757,nan,nan,3.8590400413397496,6.1317890517134295,20.246,nan,nan,
RIRE_CT_MRI,patient_004_RIREPD__CT_to_MRI_mixed,modified_full,/data/bianfeng/yixueOT/new_code_test/experiment_batches/processed/RIRE_CT_MRI/patient_004_RIREPD__CT_to_MRI_mixed.npz,/data/bianfeng/yixueOT/new_code_test/registration_results/modified_full/data/patient_004_RIREPD_CT_to_MRI_mixed_result.mat,success,2.418294,forward,12.608480179544626,36.07131535156515,12.608480179544626,nan,nan,4.011404489547795,6.170008696511441,20.246,nan,nan,
RIRE_CT_MRI,patient_004_RIREPD__CT_to_MRI_mixed,random_baseline,/data/bianfeng/yixueOT/new_code_test/experiment_batches/processed/RIRE_CT_MRI/patient_004_RIREPD__CT_to_MRI_mixed.npz,/data/bianfeng/yixueOT/new_code_test/registration_results/random_baseline/data/patient_004_RIREPD_CT_to_MRI_mixed_result.mat,success,1.304796,forward,12.729536723475448,33.14656110472733,12.729536723475448,nan,nan,4.686095761156719,6.6776484821807,20.246,nan,nan,
RIRE_CT_MRI,patient_004_RIREPD__CT_to_MRI_mixed,icp,/data/bianfeng/yixueOT/new_code_test/experiment_batches/processed/RIRE_CT_MRI/patient_004_RIREPD__CT_to_MRI_mixed.npz,/data/bianfeng/yixueOT/new_code_test/compare_results/icp/RIRE_CT_MRI/patient_004_RIREPD__CT_to_MRI_mixed_icp.npz,success,1.5183730125427246,forward,11.721300731029146,33.967107175638645,11.721300731029146,nan,nan,4.0754693755569305,6.338721034783902,20.246,nan,nan,
RIRE_CT_MRI,patient_004_RIREPD__CT_to_MRI_mixed,fgr,/data/bianfeng/yixueOT/new_code_test/experiment_batches/processed/RIRE_CT_MRI/patient_004_RIREPD__CT_to_MRI_mixed.npz,/data/bianfeng/yixueOT/new_code_test/compare_results/fgr/RIRE_CT_MRI/patient_004_RIREPD__CT_to_MRI_mixed_fgr.npz,success,0.49085354804992676,forward,15.545648528527563,32.73111950624473,15.545648528527563,nan,nan,3.4733735647774178,5.522038456081811,19.069694205231322,nan,nan,
RIRE_CT_MRI,patient_004_RIREPD__CT_to_MRI_mixed,ants,/data/bianfeng/yixueOT/new_code_test/experiment_batches/processed/RIRE_CT_MRI/patient_004_RIREPD__CT_to_MRI_mixed.npz,/data/bianfeng/yixueOT/new_code_test/compare_results/ants/RIRE_CT_MRI/patient_004_RIREPD__CT_to_MRI_mixed_ants.npz,success,1.5378901958465576,inverse,46.017705942226925,21.573883257044915,21.573883257044915,nan,nan,0.5192702351383626,2.288017119903421,11.233137924583673,nan,nan,
RIRE_CT_MRI,patient_004_RIRET1__CT_to_MRI_mixed,modified,/data/bianfeng/yixueOT/new_code_test/experiment_batches/processed/RIRE_CT_MRI/patient_004_RIRET1__CT_to_MRI_mixed.npz,/data/bianfeng/yixueOT/new_code_test/registration_results/modified/data/patient_004_RIRET1_CT_to_MRI_mixed_result.mat,success,0.762238,forward,11.777035156854318,35.00713905313169,11.777035156854318,nan,nan,3.5228260750830787,6.151738643426137,20.541931916527698,nan,nan,
RIRE_CT_MRI,patient_004_RIRET1__CT_to_MRI_mixed,modified_full,/data/bianfeng/yixueOT/new_code_test/experiment_batches/processed/RIRE_CT_MRI/patient_004_RIRET1__CT_to_MRI_mixed.npz,/data/bianfeng/yixueOT/new_code_test/registration_results/modified_full/data/patient_004_RIRET1_CT_to_MRI_mixed_result.mat,success,2.458501,forward,13.60159806122877,38.502906388430866,13.60159806122877,nan,nan,3.038503832162762,5.656286606946176,20.234,nan,nan,
RIRE_CT_MRI,patient_004_RIRET1__CT_to_MRI_mixed,random_baseline,/data/bianfeng/yixueOT/new_code_test/experiment_batches/processed/RIRE_CT_MRI/patient_004_RIRET1__CT_to_MRI_mixed.npz,/data/bianfeng/yixueOT/new_code_test/registration_results/random_baseline/data/patient_004_RIRET1_CT_to_MRI_mixed_result.mat,success,1.313451,forward,12.581166975241224,32.33915225037239,12.581166975241224,nan,nan,4.335073611883829,6.625709031636749,21.74188971145333,nan,nan,
RIRE_CT_MRI,patient_004_RIRET1__CT_to_MRI_mixed,icp,/data/bianfeng/yixueOT/new_code_test/experiment_batches/processed/RIRE_CT_MRI/patient_004_RIRET1__CT_to_MRI_mixed.npz,/data/bianfeng/yixueOT/new_code_test/compare_results/icp/RIRE_CT_MRI/patient_004_RIRET1__CT_to_MRI_mixed_icp.npz,success,2.3657712936401367,forward,11.678634384260105,33.942736864007756,11.678634384260105,nan,nan,3.79494879845054,6.387037772644364,21.323567944838054,nan,nan,
RIRE_CT_MRI,patient_004_RIRET1__CT_to_MRI_mixed,fgr,/data/bianfeng/yixueOT/new_code_test/experiment_batches/processed/RIRE_CT_MRI/patient_004_RIRET1__CT_to_MRI_mixed.npz,/data/bianfeng/yixueOT/new_code_test/compare_results/fgr/RIRE_CT_MRI/patient_004_RIRET1__CT_to_MRI_mixed_fgr.npz,success,0.4979546070098877,forward,12.969862027747373,27.94133395767284,12.969862027747373,nan,nan,4.735346902924308,6.8193026973021516,24.2808,nan,nan,
RIRE_CT_MRI,patient_004_RIRET1__CT_to_MRI_mixed,ants,/data/bianfeng/yixueOT/new_code_test/experiment_batches/processed/RIRE_CT_MRI/patient_004_RIRET1__CT_to_MRI_mixed.npz,/data/bianfeng/yixueOT/new_code_test/compare_results/ants/RIRE_CT_MRI/patient_004_RIRET1__CT_to_MRI_mixed_ants.npz,success,1.912731647491455,inverse,44.26026841981603,21.689966421934354,21.689966421934354,nan,nan,0.7087309171411003,2.9117934877150304,13.513035690630364,nan,nan,
RIRE_CT_MRI,patient_004_RIRET2__CT_to_MRI_mixed,modified,/data/bianfeng/yixueOT/new_code_test/experiment_batches/processed/RIRE_CT_MRI/patient_004_RIRET2__CT_to_MRI_mixed.npz,/data/bianfeng/yixueOT/new_code_test/registration_results/modified/data/patient_004_RIRET2_CT_to_MRI_mixed_result.mat,success,0.76022,forward,14.12832953496068,36.91479512031252,14.12832953496068,nan,nan,4.560342401782718,6.225791692239039,19.749715923473936,nan,nan,
RIRE_CT_MRI,patient_004_RIRET2__CT_to_MRI_mixed,modified_full,/data/bianfeng/yixueOT/new_code_test/experiment_batches/processed/RIRE_CT_MRI/patient_004_RIRET2__CT_to_MRI_mixed.npz,/data/bianfeng/yixueOT/new_code_test/registration_results/modified_full/data/patient_004_RIRET2_CT_to_MRI_mixed_result.mat,success,2.271216,forward,14.688083436684808,32.71455172660506,14.688083436684808,nan,nan,5.507855111937308,6.942726334205618,20.36647599137995,nan,nan,
RIRE_CT_MRI,patient_004_RIRET2__CT_to_MRI_mixed,random_baseline,/data/bianfeng/yixueOT/new_code_test/experiment_batches/processed/RIRE_CT_MRI/patient_004_RIRET2__CT_to_MRI_mixed.npz,/data/bianfeng/yixueOT/new_code_test/registration_results/random_baseline/data/patient_004_RIRET2_CT_to_MRI_mixed_result.mat,success,1.033917,forward,15.11261805986042,36.74814713449118,15.11261805986042,nan,nan,4.680256238223897,6.24442997558144,18.594357463321824,nan,nan,
RIRE_CT_MRI,patient_004_RIRET2__CT_to_MRI_mixed,icp,/data/bianfeng/yixueOT/new_code_test/experiment_batches/processed/RIRE_CT_MRI/patient_004_RIRET2__CT_to_MRI_mixed.npz,/data/bianfeng/yixueOT/new_code_test/compare_results/icp/RIRE_CT_MRI/patient_004_RIRET2__CT_to_MRI_mixed_icp.npz,success,2.8053030967712402,forward,13.94504313654393,35.18074159108054,13.94504313654393,nan,nan,4.974206084262447,6.563929194540249,20.217999999999996,nan,nan,
RIRE_CT_MRI,patient_004_RIRET2__CT_to_MRI_mixed,fgr,/data/bianfeng/yixueOT/new_code_test/experiment_batches/processed/RIRE_CT_MRI/patient_004_RIRET2__CT_to_MRI_mixed.npz,/data/bianfeng/yixueOT/new_code_test/compare_results/fgr/RIRE_CT_MRI/patient_004_RIRET2__CT_to_MRI_mixed_fgr.npz,success,0.5339155197143555,forward,16.398630173725664,41.45079266854476,16.398630173725664,nan,nan,4.626051635738309,5.892059036805612,19.749715923473936,nan,nan,
RIRE_CT_MRI,patient_004_RIRET2__CT_to_MRI_mixed,ants,/data/bianfeng/yixueOT/new_code_test/experiment_batches/processed/RIRE_CT_MRI/patient_004_RIRET2__CT_to_MRI_mixed.npz,/data/bianfeng/yixueOT/new_code_test/compare_results/ants/RIRE_CT_MRI/patient_004_RIRET2__CT_to_MRI_mixed_ants.npz,success,1.4858551025390625,inverse,48.21938101838996,21.547934665487094,21.547934665487094,nan,nan,1.579912002630324,2.9167743940562363,12.130799999999999,nan,nan,
RIRE_CT_MRI,patient_005_RIREPD__CT_to_MRI_mixed,modified,/data/bianfeng/yixueOT/new_code_test/experiment_batches/processed/RIRE_CT_MRI/patient_005_RIREPD__CT_to_MRI_mixed.npz,/data/bianfeng/yixueOT/new_code_test/registration_results/modified/data/patient_005_RIREPD_CT_to_MRI_mixed_result.mat,success,0.907095,forward,9.974210560338422,29.321398105446935,9.974210560338422,nan,nan,2.4664827048877513,4.403360639157503,16.4,nan,nan,
RIRE_CT_MRI,patient_005_RIREPD__CT_to_MRI_mixed,modified_full,/data/bianfeng/yixueOT/new_code_test/experiment_batches/processed/RIRE_CT_MRI/patient_005_RIREPD__CT_to_MRI_mixed.npz,/data/bianfeng/yixueOT/new_code_test/registration_results/modified_full/data/patient_005_RIREPD_CT_to_MRI_mixed_result.mat,success,2.58197,forward,10.645658763664184,28.64823917839173,10.645658763664184,nan,nan,2.750815530397088,4.722105481774742,17.275831040146233,nan,nan,
RIRE_CT_MRI,patient_005_RIREPD__CT_to_MRI_mixed,random_baseline,/data/bianfeng/yixueOT/new_code_test/experiment_batches/processed/RIRE_CT_MRI/patient_005_RIREPD__CT_to_MRI_mixed.npz,/data/bianfeng/yixueOT/new_code_test/registration_results/random_baseline/data/patient_005_RIREPD_CT_to_MRI_mixed_result.mat,success,1.306643,forward,10.788310431682087,27.667505551859595,10.788310431682087,nan,nan,2.8489762218892674,4.800115223076096,17.275831040146233,nan,nan,
RIRE_CT_MRI,patient_005_RIREPD__CT_to_MRI_mixed,icp,/data/bianfeng/yixueOT/new_code_test/experiment_batches/processed/RIRE_CT_MRI/patient_005_RIREPD__CT_to_MRI_mixed.npz,/data/bianfeng/yixueOT/new_code_test/compare_results/icp/RIRE_CT_MRI/patient_005_RIREPD__CT_to_MRI_mixed_icp.npz,success,1.9086048603057861,forward,10.519079598712324,28.676168389290986,10.519079598712324,nan,nan,2.5609374410342265,4.612172091636492,17.328327474226317,nan,nan,
RIRE_CT_MRI,patient_005_RIREPD__CT_to_MRI_mixed,fgr,/data/bianfeng/yixueOT/new_code_test/experiment_batches/processed/RIRE_CT_MRI/patient_005_RIREPD__CT_to_MRI_mixed.npz,/data/bianfeng/yixueOT/new_code_test/compare_results/fgr/RIRE_CT_MRI/patient_005_RIREPD__CT_to_MRI_mixed_fgr.npz,success,0.7192738056182861,inverse,18.17634913983318,15.20155516275243,15.20155516275243,nan,nan,5.539553726926676,7.004003730485056,22.227025983016265,nan,nan,
RIRE_CT_MRI,patient_005_RIREPD__CT_to_MRI_mixed,ants,/data/bianfeng/yixueOT/new_code_test/experiment_batches/processed/RIRE_CT_MRI/patient_005_RIREPD__CT_to_MRI_mixed.npz,/data/bianfeng/yixueOT/new_code_test/compare_results/ants/RIRE_CT_MRI/patient_005_RIREPD__CT_to_MRI_mixed_ants.npz,success,2.2686970233917236,inverse,34.3351757192218,11.712243593836691,11.712243593836691,nan,nan,0.8814052608604258,2.9942038321405957,15.010512000000002,nan,nan,
RIRE_CT_MRI,patient_005_RIRET1__CT_to_MRI_mixed,modified,/data/bianfeng/yixueOT/new_code_test/experiment_batches/processed/RIRE_CT_MRI/patient_005_RIRET1__CT_to_MRI_mixed.npz,/data/bianfeng/yixueOT/new_code_test/registration_results/modified/data/patient_005_RIRET1_CT_to_MRI_mixed_result.mat,success,0.733213,forward,10.33536984705729,30.63951108227066,10.33536984705729,nan,nan,2.1465228933892435,4.633201802288186,18.39030617324736,nan,nan,
RIRE_CT_MRI,patient_005_RIRET1__CT_to_MRI_mixed,modified_full,/data/bianfeng/yixueOT/new_code_test/experiment_batches/processed/RIRE_CT_MRI/patient_005_RIRET1__CT_to_MRI_mixed.npz,/data/bianfeng/yixueOT/new_code_test/registration_results/modified_full/data/patient_005_RIRET1_CT_to_MRI_mixed_result.mat,success,2.375432,forward,11.278360272879658,28.823382216983283,11.278360272879658,nan,nan,2.5650846473339346,5.056041747079789,20.036064,nan,nan,
RIRE_CT_MRI,patient_005_RIRET1__CT_to_MRI_mixed,random_baseline,/data/bianfeng/yixueOT/new_code_test/experiment_batches/processed/RIRE_CT_MRI/patient_005_RIRET1__CT_to_MRI_mixed.npz,/data/bianfeng/yixueOT/new_code_test/registration_results/random_baseline/data/patient_005_RIRET1_CT_to_MRI_mixed_result.mat,success,1.31772,forward,11.149463491707372,28.87458798259263,11.149463491707372,nan,nan,2.7398020438422965,5.119841319129309,19.508116122865374,nan,nan,
RIRE_CT_MRI,patient_005_RIRET1__CT_to_MRI_mixed,icp,/data/bianfeng/yixueOT/new_code_test/experiment_batches/processed/RIRE_CT_MRI/patient_005_RIRET1__CT_to_MRI_mixed.npz,/data/bianfeng/yixueOT/new_code_test/compare_results/icp/RIRE_CT_MRI/patient_005_RIRET1__CT_to_MRI_mixed_icp.npz,success,1.7808258533477783,forward,11.184581263208129,28.927891371368727,11.184581263208129,nan,nan,2.512140966024203,5.026592989593718,20.024967324307717,nan,nan,
RIRE_CT_MRI,patient_005_RIRET1__CT_to_MRI_mixed,fgr,/data/bianfeng/yixueOT/new_code_test/experiment_batches/processed/RIRE_CT_MRI/patient_005_RIRET1__CT_to_MRI_mixed.npz,/data/bianfeng/yixueOT/new_code_test/compare_results/fgr/RIRE_CT_MRI/patient_005_RIRET1__CT_to_MRI_mixed_fgr.npz,success,0.7009968757629395,forward,21.63487433746216,43.392654413386495,21.63487433746216,nan,nan,6.171434765533786,9.49131252520481,30.846940583718187,nan,nan,
RIRE_CT_MRI,patient_005_RIRET1__CT_to_MRI_mixed,ants,/data/bianfeng/yixueOT/new_code_test/experiment_batches/processed/RIRE_CT_MRI/patient_005_RIRET1__CT_to_MRI_mixed.npz,/data/bianfeng/yixueOT/new_code_test/compare_results/ants/RIRE_CT_MRI/patient_005_RIRET1__CT_to_MRI_mixed_ants.npz,success,2.981313467025757,inverse,34.411012126740765,11.834383055334873,11.834383055334873,nan,nan,0.901254857142534,3.604558233948128,16.849442382579312,nan,nan,
RIRE_CT_MRI,patient_005_RIRET2__CT_to_MRI_mixed,modified,/data/bianfeng/yixueOT/new_code_test/experiment_batches/processed/RIRE_CT_MRI/patient_005_RIRET2__CT_to_MRI_mixed.npz,/data/bianfeng/yixueOT/new_code_test/registration_results/modified/data/patient_005_RIRET2_CT_to_MRI_mixed_result.mat,success,0.826511,forward,11.573364488109364,31.839874331799358,11.573364488109364,nan,nan,3.420358708996774,5.080079578232245,16.324121937841863,nan,nan,
RIRE_CT_MRI,patient_005_RIRET2__CT_to_MRI_mixed,modified_full,/data/bianfeng/yixueOT/new_code_test/experiment_batches/processed/RIRE_CT_MRI/patient_005_RIRET2__CT_to_MRI_mixed.npz,/data/bianfeng/yixueOT/new_code_test/registration_results/modified_full/data/patient_005_RIRET2_CT_to_MRI_mixed_result.mat,success,2.534341,forward,11.781817974835805,30.873191326957617,11.781817974835805,nan,nan,3.5460979171672125,5.270504509807822,16.45620674399693,nan,nan,
RIRE_CT_MRI,patient_005_RIRET2__CT_to_MRI_mixed,random_baseline,/data/bianfeng/yixueOT/new_code_test/experiment_batches/processed/RIRE_CT_MRI/patient_005_RIRET2__CT_to_MRI_mixed.npz,/data/bianfeng/yixueOT/new_code_test/registration_results/random_baseline/data/patient_005_RIRET2_CT_to_MRI_mixed_result.mat,success,1.335534,forward,12.998096166150573,34.316197109583534,12.998096166150573,nan,nan,2.863717197372788,4.402100105969955,14.801312796670201,nan,nan,
RIRE_CT_MRI,patient_005_RIRET2__CT_to_MRI_mixed,icp,/data/bianfeng/yixueOT/new_code_test/experiment_batches/processed/RIRE_CT_MRI/patient_005_RIRET2__CT_to_MRI_mixed.npz,/data/bianfeng/yixueOT/new_code_test/compare_results/icp/RIRE_CT_MRI/patient_005_RIRET2__CT_to_MRI_mixed_icp.npz,success,1.9477593898773193,forward,11.067260826123945,31.213165780499985,11.067260826123945,nan,nan,3.113772345594523,4.9169552918038315,16.216324578680737,nan,nan,
RIRE_CT_MRI,patient_005_RIRET2__CT_to_MRI_mixed,fgr,/data/bianfeng/yixueOT/new_code_test/experiment_batches/processed/RIRE_CT_MRI/patient_005_RIRET2__CT_to_MRI_mixed.npz,/data/bianfeng/yixueOT/new_code_test/compare_results/fgr/RIRE_CT_MRI/patient_005_RIRET2__CT_to_MRI_mixed_fgr.npz,success,0.6671802997589111,forward,13.248199032731735,31.566799516642824,13.248199032731735,nan,nan,5.4003565137131995,6.637632012103126,20.032048,nan,nan,
RIRE_CT_MRI,patient_005_RIRET2__CT_to_MRI_mixed,ants,/data/bianfeng/yixueOT/new_code_test/experiment_batches/processed/RIRE_CT_MRI/patient_005_RIRET2__CT_to_MRI_mixed.npz,/data/bianfeng/yixueOT/new_code_test/compare_results/ants/RIRE_CT_MRI/patient_005_RIRET2__CT_to_MRI_mixed_ants.npz,success,2.5731704235076904,inverse,36.460121689727295,12.560581013035813,12.560581013035813,nan,nan,2.1102577896665915,4.062873459250997,15.67208479154302,nan,nan,
RIRE_CT_MRI,patient_006_RIREPD__CT_to_MRI_mixed,modified,/data/bianfeng/yixueOT/new_code_test/experiment_batches/processed/RIRE_CT_MRI/patient_006_RIREPD__CT_to_MRI_mixed.npz,/data/bianfeng/yixueOT/new_code_test/registration_results/modified/data/patient_006_RIREPD_CT_to_MRI_mixed_result.mat,success,0.659935,forward,7.56293035724317,28.011390642891197,7.56293035724317,nan,nan,3.096220918300828,5.563180883758437,19.677759249235876,nan,nan,
RIRE_CT_MRI,patient_006_RIREPD__CT_to_MRI_mixed,modified_full,/data/bianfeng/yixueOT/new_code_test/experiment_batches/processed/RIRE_CT_MRI/patient_006_RIREPD__CT_to_MRI_mixed.npz,/data/bianfeng/yixueOT/new_code_test/registration_results/modified_full/data/patient_006_RIREPD_CT_to_MRI_mixed_result.mat,success,2.406757,forward,7.652074301150562,28.053961549919926,7.652074301150562,nan,nan,3.286139639242713,5.697866863455096,19.84691191719369,nan,nan,
RIRE_CT_MRI,patient_006_RIREPD__CT_to_MRI_mixed,random_baseline,/data/bianfeng/yixueOT/new_code_test/experiment_batches/processed/RIRE_CT_MRI/patient_006_RIREPD__CT_to_MRI_mixed.npz,/data/bianfeng/yixueOT/new_code_test/registration_results/random_baseline/data/patient_006_RIREPD_CT_to_MRI_mixed_result.mat,success,1.260966,forward,7.898280429641176,26.621589824057512,7.898280429641176,nan,nan,3.778346978829541,6.162578966112454,20.375,nan,nan,
RIRE_CT_MRI,patient_006_RIREPD__CT_to_MRI_mixed,icp,/data/bianfeng/yixueOT/new_code_test/experiment_batches/processed/RIRE_CT_MRI/patient_006_RIREPD__CT_to_MRI_mixed.npz,/data/bianfeng/yixueOT/new_code_test/compare_results/icp/RIRE_CT_MRI/patient_006_RIREPD__CT_to_MRI_mixed_icp.npz,success,1.8378019332885742,forward,7.412858946873013,27.235396845100915,7.412858946873013,nan,nan,3.374829760210631,5.841439938621112,20.375,nan,nan,
RIRE_CT_MRI,patient_006_RIREPD__CT_to_MRI_mixed,fgr,/data/bianfeng/yixueOT/new_code_test/experiment_batches/processed/RIRE_CT_MRI/patient_006_RIREPD__CT_to_MRI_mixed.npz,/data/bianfeng/yixueOT/new_code_test/compare_results/fgr/RIRE_CT_MRI/patient_006_RIREPD__CT_to_MRI_mixed_fgr.npz,success,0.5904667377471924,forward,8.769964387594293,27.694697248448172,8.769964387594293,nan,nan,2.9633831722970014,5.321407822007671,19.643659089500918,nan,nan,
RIRE_CT_MRI,patient_006_RIREPD__CT_to_MRI_mixed,ants,/data/bianfeng/yixueOT/new_code_test/experiment_batches/processed/RIRE_CT_MRI/patient_006_RIREPD__CT_to_MRI_mixed.npz,/data/bianfeng/yixueOT/new_code_test/compare_results/ants/RIRE_CT_MRI/patient_006_RIREPD__CT_to_MRI_mixed_ants.npz,success,2.1324996948242188,inverse,34.08250231202959,14.36755137998765,14.36755137998765,nan,nan,0.4857396118747545,2.854571818463406,14.130865124829583,nan,nan,
RIRE_CT_MRI,patient_006_RIRET1__CT_to_MRI_mixed,modified,/data/bianfeng/yixueOT/new_code_test/experiment_batches/processed/RIRE_CT_MRI/patient_006_RIRET1__CT_to_MRI_mixed.npz,/data/bianfeng/yixueOT/new_code_test/registration_results/modified/data/patient_006_RIRET1_CT_to_MRI_mixed_result.mat,success,0.975574,forward,8.155623371005186,27.793759126347993,8.155623371005186,nan,nan,3.4210196561137756,7.18560478939713,28.0,nan,nan,
RIRE_CT_MRI,patient_006_RIRET1__CT_to_MRI_mixed,modified_full,/data/bianfeng/yixueOT/new_code_test/experiment_batches/processed/RIRE_CT_MRI/patient_006_RIRET1__CT_to_MRI_mixed.npz,/data/bianfeng/yixueOT/new_code_test/registration_results/modified_full/data/patient_006_RIRET1_CT_to_MRI_mixed_result.mat,success,2.862604,forward,8.246459091652776,27.583757259610348,8.246459091652776,nan,nan,3.7140738541247535,7.375918084743226,28.0,nan,nan,
RIRE_CT_MRI,patient_006_RIRET1__CT_to_MRI_mixed,random_baseline,/data/bianfeng/yixueOT/new_code_test/experiment_batches/processed/RIRE_CT_MRI/patient_006_RIRET1__CT_to_MRI_mixed.npz,/data/bianfeng/yixueOT/new_code_test/registration_results/random_baseline/data/patient_006_RIRET1_CT_to_MRI_mixed_result.mat,success,1.068151,forward,9.404083027753803,29.352500109535768,9.404083027753803,nan,nan,2.9368430052490497,6.709118221452391,27.974318579725942,nan,nan,
RIRE_CT_MRI,patient_006_RIRET1__CT_to_MRI_mixed,icp,/data/bianfeng/yixueOT/new_code_test/experiment_batches/processed/RIRE_CT_MRI/patient_006_RIRET1__CT_to_MRI_mixed.npz,/data/bianfeng/yixueOT/new_code_test/compare_results/icp/RIRE_CT_MRI/patient_006_RIRET1__CT_to_MRI_mixed_icp.npz,success,1.8936917781829834,forward,8.017329512419147,27.304332752897523,8.017329512419147,nan,nan,3.4879015138334433,7.262623413825466,28.0,nan,nan,
RIRE_CT_MRI,patient_006_RIRET1__CT_to_MRI_mixed,fgr,/data/bianfeng/yixueOT/new_code_test/experiment_batches/processed/RIRE_CT_MRI/patient_006_RIRET1__CT_to_MRI_mixed.npz,/data/bianfeng/yixueOT/new_code_test/compare_results/fgr/RIRE_CT_MRI/patient_006_RIRET1__CT_to_MRI_mixed_fgr.npz,success,0.5845701694488525,forward,8.305421139805338,28.650441054209256,8.305421139805338,nan,nan,3.1760284360871056,7.06386722797642,28.0,nan,nan,
RIRE_CT_MRI,patient_006_RIRET1__CT_to_MRI_mixed,ants,/data/bianfeng/yixueOT/new_code_test/experiment_batches/processed/RIRE_CT_MRI/patient_006_RIRET1__CT_to_MRI_mixed.npz,/data/bianfeng/yixueOT/new_code_test/compare_results/ants/RIRE_CT_MRI/patient_006_RIRET1__CT_to_MRI_mixed_ants.npz,success,1.6669185161590576,inverse,34.489986572844195,14.689199291482893,14.689199291482893,nan,nan,0.6582855043000309,4.507187990123462,26.248809496813376,nan,nan,
RIRE_CT_MRI,patient_006_RIRET2__CT_to_MRI_mixed,modified,/data/bianfeng/yixueOT/new_code_test/experiment_batches/processed/RIRE_CT_MRI/patient_006_RIRET2__CT_to_MRI_mixed.npz,/data/bianfeng/yixueOT/new_code_test/registration_results/modified/data/patient_006_RIRET2_CT_to_MRI_mixed_result.mat,success,0.782298,forward,9.592653721456156,25.316446114371033,9.592653721456156,nan,nan,4.0930889709254386,6.269296634445599,19.527674016712282,nan,nan,
RIRE_CT_MRI,patient_006_RIRET2__CT_to_MRI_mixed,modified_full,/data/bianfeng/yixueOT/new_code_test/experiment_batches/processed/RIRE_CT_MRI/patient_006_RIRET2__CT_to_MRI_mixed.npz,/data/bianfeng/yixueOT/new_code_test/registration_results/modified_full/data/patient_006_RIRET2_CT_to_MRI_mixed_result.mat,success,2.438428,forward,9.759651756400011,23.73862520488663,9.759651756400011,nan,nan,4.62269608332014,6.75803918701931,20.36,nan,nan,
RIRE_CT_MRI,patient_006_RIRET2__CT_to_MRI_mixed,random_baseline,/data/bianfeng/yixueOT/new_code_test/experiment_batches/processed/RIRE_CT_MRI/patient_006_RIRET2__CT_to_MRI_mixed.npz,/data/bianfeng/yixueOT/new_code_test/registration_results/random_baseline/data/patient_006_RIRET2_CT_to_MRI_mixed_result.mat,success,0.989924,forward,10.140192676003448,27.481826371381366,10.140192676003448,nan,nan,3.7083606231783195,5.921587198759166,19.24402967105393,nan,nan,
RIRE_CT_MRI,patient_006_RIRET2__CT_to_MRI_mixed,icp,/data/bianfeng/yixueOT/new_code_test/experiment_batches/processed/RIRE_CT_MRI/patient_006_RIRET2__CT_to_MRI_mixed.npz,/data/bianfeng/yixueOT/new_code_test/compare_results/icp/RIRE_CT_MRI/patient_006_RIRET2__CT_to_MRI_mixed_icp.npz,success,1.7689309120178223,forward,9.393825473950578,26.095089851604204,9.393825473950578,nan,nan,4.186275058096452,6.378320087277735,20.36,nan,nan,
RIRE_CT_MRI,patient_006_RIRET2__CT_to_MRI_mixed,fgr,/data/bianfeng/yixueOT/new_code_test/experiment_batches/processed/RIRE_CT_MRI/patient_006_RIRET2__CT_to_MRI_mixed.npz,/data/bianfeng/yixueOT/new_code_test/compare_results/fgr/RIRE_CT_MRI/patient_006_RIRET2__CT_to_MRI_mixed_fgr.npz,success,0.6271522045135498,forward,10.98593742727637,22.675639485843522,10.98593742727637,nan,nan,4.9936881939536395,7.03963210320296,20.43852656276539,nan,nan,
RIRE_CT_MRI,patient_006_RIRET2__CT_to_MRI_mixed,ants,/data/bianfeng/yixueOT/new_code_test/experiment_batches/processed/RIRE_CT_MRI/patient_006_RIRET2__CT_to_MRI_mixed.npz,/data/bianfeng/yixueOT/new_code_test/compare_results/ants/RIRE_CT_MRI/patient_006_RIRET2__CT_to_MRI_mixed_ants.npz,success,2.0970044136047363,inverse,34.058678339049166,14.730919892432953,14.730919892432953,nan,nan,1.3907660736276575,3.4176684867229277,15.046371167573927,nan,nan,
RIRE_CT_MRI,patient_007_RIREPD__CT_to_MRI_mixed,modified,/data/bianfeng/yixueOT/new_code_test/experiment_batches/processed/RIRE_CT_MRI/patient_007_RIREPD__CT_to_MRI_mixed.npz,/data/bianfeng/yixueOT/new_code_test/registration_results/modified/data/patient_007_RIREPD_CT_to_MRI_mixed_result.mat,success,0.847983,forward,3.9411218261106664,16.12881285025881,3.9411218261106664,nan,nan,1.286899723378806,3.333494886005452,14.073775139658444,nan,nan,
RIRE_CT_MRI,patient_007_RIREPD__CT_to_MRI_mixed,modified_full,/data/bianfeng/yixueOT/new_code_test/experiment_batches/processed/RIRE_CT_MRI/patient_007_RIREPD__CT_to_MRI_mixed.npz,/data/bianfeng/yixueOT/new_code_test/registration_results/modified_full/data/patient_007_RIREPD_CT_to_MRI_mixed_result.mat,success,2.727626,forward,3.9200673336393055,16.320296113230818,3.9200673336393055,nan,nan,1.197455179277101,3.2522724688824174,14.012472882465966,nan,nan,
RIRE_CT_MRI,patient_007_RIREPD__CT_to_MRI_mixed,random_baseline,/data/bianfeng/yixueOT/new_code_test/experiment_batches/processed/RIRE_CT_MRI/patient_007_RIREPD__CT_to_MRI_mixed.npz,/data/bianfeng/yixueOT/new_code_test/registration_results/random_baseline/data/patient_007_RIREPD_CT_to_MRI_mixed_result.mat,success,1.044939,forward,4.021019370397954,15.932075831406515,4.021019370397954,nan,nan,1.133823035687786,3.1340308805639836,13.615572267351233,nan,nan,
RIRE_CT_MRI,patient_007_RIREPD__CT_to_MRI_mixed,icp,/data/bianfeng/yixueOT/new_code_test/experiment_batches/processed/RIRE_CT_MRI/patient_007_RIREPD__CT_to_MRI_mixed.npz,/data/bianfeng/yixueOT/new_code_test/compare_results/icp/RIRE_CT_MRI/patient_007_RIREPD__CT_to_MRI_mixed_icp.npz,success,2.059704542160034,forward,3.826344665076888,16.632850648964922,3.826344665076888,nan,nan,1.1963388149408265,3.319505524616943,14.296054852931421,nan,nan,
RIRE_CT_MRI,patient_007_RIREPD__CT_to_MRI_mixed,fgr,/data/bianfeng/yixueOT/new_code_test/experiment_batches/processed/RIRE_CT_MRI/patient_007_RIREPD__CT_to_MRI_mixed.npz,/data/bianfeng/yixueOT/new_code_test/compare_results/fgr/RIRE_CT_MRI/patient_007_RIREPD__CT_to_MRI_mixed_fgr.npz,success,0.6798408031463623,forward,5.230794669756231,15.543463482185562,5.230794669756231,nan,nan,2.4697800792084634,4.297443989299838,15.257976740355192,nan,nan,
RIRE_CT_MRI,patient_007_RIREPD__CT_to_MRI_mixed,ants,/data/bianfeng/yixueOT/new_code_test/experiment_batches/processed/RIRE_CT_MRI/patient_007_RIREPD__CT_to_MRI_mixed.npz,/data/bianfeng/yixueOT/new_code_test/compare_results/ants/RIRE_CT_MRI/patient_007_RIREPD__CT_to_MRI_mixed_ants.npz,success,2.483192205429077,inverse,17.571592651119886,4.617505242056056,4.617505242056056,nan,nan,0.662355189115785,2.703372542230861,13.06370829581203,nan,nan,
RIRE_CT_MRI,patient_007_RIRET1__CT_to_MRI_mixed,modified,/data/bianfeng/yixueOT/new_code_test/experiment_batches/processed/RIRE_CT_MRI/patient_007_RIRET1__CT_to_MRI_mixed.npz,/data/bianfeng/yixueOT/new_code_test/registration_results/modified/data/patient_007_RIRET1_CT_to_MRI_mixed_result.mat,success,0.853156,forward,3.8591349631407263,16.06884313341511,3.8591349631407263,nan,nan,1.0047247137135846,3.158402855115876,14.172422448191416,nan,nan,
RIRE_CT_MRI,patient_007_RIRET1__CT_to_MRI_mixed,modified_full,/data/bianfeng/yixueOT/new_code_test/experiment_batches/processed/RIRE_CT_MRI/patient_007_RIRET1__CT_to_MRI_mixed.npz,/data/bianfeng/yixueOT/new_code_test/registration_results/modified_full/data/patient_007_RIRET1_CT_to_MRI_mixed_result.mat,success,2.124333,forward,3.8065966092745844,16.173574217104036,3.8065966092745844,nan,nan,1.0943057170192396,3.2565781316613234,14.269775172510602,nan,nan,
RIRE_CT_MRI,patient_007_RIRET1__CT_to_MRI_mixed,random_baseline,/data/bianfeng/yixueOT/new_code_test/experiment_batches/processed/RIRE_CT_MRI/patient_007_RIRET1__CT_to_MRI_mixed.npz,/data/bianfeng/yixueOT/new_code_test/registration_results/random_baseline/data/patient_007_RIRET1_CT_to_MRI_mixed_result.mat,success,1.27658,forward,4.029015382624785,14.86787515476995,4.029015382624785,nan,nan,1.4806113446456872,3.5694195235398425,14.938415073159534,nan,nan,
RIRE_CT_MRI,patient_007_RIRET1__CT_to_MRI_mixed,icp,/data/bianfeng/yixueOT/new_code_test/experiment_batches/processed/RIRE_CT_MRI/patient_007_RIRET1__CT_to_MRI_mixed.npz,/data/bianfeng/yixueOT/new_code_test/compare_results/icp/RIRE_CT_MRI/patient_007_RIRET1__CT_to_MRI_mixed_icp.npz,success,2.085803270339966,forward,3.7770440392556,16.553006944909907,3.7770440392556,nan,nan,1.0829697461228995,3.293598149112221,14.548566451578656,nan,nan,
RIRE_CT_MRI,patient_007_RIRET1__CT_to_MRI_mixed,fgr,/data/bianfeng/yixueOT/new_code_test/experiment_batches/processed/RIRE_CT_MRI/patient_007_RIRET1__CT_to_MRI_mixed.npz,/data/bianfeng/yixueOT/new_code_test/compare_results/fgr/RIRE_CT_MRI/patient_007_RIRET1__CT_to_MRI_mixed_fgr.npz,success,0.5928134918212891,forward,5.105637583866166,13.598659119780917,5.105637583866166,nan,nan,2.033062486894711,3.9105030986060703,15.339291351245663,nan,nan,
RIRE_CT_MRI,patient_007_RIRET1__CT_to_MRI_mixed,ants,/data/bianfeng/yixueOT/new_code_test/experiment_batches/processed/RIRE_CT_MRI/patient_007_RIRET1__CT_to_MRI_mixed.npz,/data/bianfeng/yixueOT/new_code_test/compare_results/ants/RIRE_CT_MRI/patient_007_RIRET1__CT_to_MRI_mixed_ants.npz,success,1.7507131099700928,inverse,17.273967059252502,4.37524270617336,4.37524270617336,nan,nan,0.5710085698636865,2.7197745293387876,13.560026707112343,nan,nan,
RIRE_CT_MRI,patient_007_RIRET2__CT_to_MRI_mixed,modified,/data/bianfeng/yixueOT/new_code_test/experiment_batches/processed/RIRE_CT_MRI/patient_007_RIRET2__CT_to_MRI_mixed.npz,/data/bianfeng/yixueOT/new_code_test/registration_results/modified/data/patient_007_RIRET2_CT_to_MRI_mixed_result.mat,success,0.944205,forward,8.779015020141038,20.22038899108427,8.779015020141038,nan,nan,8.971015796179387,8.647336589855637,19.26607305413485,nan,nan,
RIRE_CT_MRI,patient_007_RIRET2__CT_to_MRI_mixed,modified_full,/data/bianfeng/yixueOT/new_code_test/experiment_batches/processed/RIRE_CT_MRI/patient_007_RIRET2__CT_to_MRI_mixed.npz,/data/bianfeng/yixueOT/new_code_test/registration_results/modified_full/data/patient_007_RIRET2_CT_to_MRI_mixed_result.mat,success,2.735604,forward,8.803594522602939,19.833170532926815,8.803594522602939,nan,nan,9.062613066666069,8.66443328940133,19.77678619884444,nan,nan,
RIRE_CT_MRI,patient_007_RIRET2__CT_to_MRI_mixed,random_baseline,/data/bianfeng/yixueOT/new_code_test/experiment_batches/processed/RIRE_CT_MRI/patient_007_RIRET2__CT_to_MRI_mixed.npz,/data/bianfeng/yixueOT/new_code_test/registration_results/random_baseline/data/patient_007_RIRET2_CT_to_MRI_mixed_result.mat,success,1.163566,forward,8.888983259726837,19.522213619608255,8.888983259726837,nan,nan,9.44437471617916,8.934935977608298,20.765239541378495,nan,nan,
RIRE_CT_MRI,patient_007_RIRET2__CT_to_MRI_mixed,icp,/data/bianfeng/yixueOT/new_code_test/experiment_batches/processed/RIRE_CT_MRI/patient_007_RIRET2__CT_to_MRI_mixed.npz,/data/bianfeng/yixueOT/new_code_test/compare_results/icp/RIRE_CT_MRI/patient_007_RIRET2__CT_to_MRI_mixed_icp.npz,success,1.8525731563568115,forward,8.908109399236237,18.833901056928124,8.908109399236237,nan,nan,9.230983985693715,8.65795657252187,21.07175411504123,nan,nan,
RIRE_CT_MRI,patient_007_RIRET2__CT_to_MRI_mixed,fgr,/data/bianfeng/yixueOT/new_code_test/experiment_batches/processed/RIRE_CT_MRI/patient_007_RIRET2__CT_to_MRI_mixed.npz,/data/bianfeng/yixueOT/new_code_test/compare_results/fgr/RIRE_CT_MRI/patient_007_RIRET2__CT_to_MRI_mixed_fgr.npz,success,0.5510697364807129,forward,11.278900420546261,16.929878959092076,11.278900420546261,nan,nan,10.468185306562658,8.952812522939766,27.023022084830647,nan,nan,
RIRE_CT_MRI,patient_007_RIRET2__CT_to_MRI_mixed,ants,/data/bianfeng/yixueOT/new_code_test/experiment_batches/processed/RIRE_CT_MRI/patient_007_RIRET2__CT_to_MRI_mixed.npz,/data/bianfeng/yixueOT/new_code_test/compare_results/ants/RIRE_CT_MRI/patient_007_RIRET2__CT_to_MRI_mixed_ants.npz,success,1.7375609874725342,inverse,21.99253795026887,9.011959131964334,9.011959131964334,nan,nan,8.493639707978042,8.367615650922883,18.063742745303724,nan,nan,
RIRE_CT_MRI,patient_008_RIREPD__CT_to_MRI_mixed,modified,/data/bianfeng/yixueOT/new_code_test/experiment_batches/processed/RIRE_CT_MRI/patient_008_RIREPD__CT_to_MRI_mixed.npz,/data/bianfeng/yixueOT/new_code_test/registration_results/modified/data/patient_008_RIREPD_CT_to_MRI_mixed_result.mat,success,0.90078,forward,7.634684826779012,37.96022493743682,7.634684826779012,nan,nan,4.128621875392337,6.373417098557302,20.512,nan,nan,
RIRE_CT_MRI,patient_008_RIREPD__CT_to_MRI_mixed,modified_full,/data/bianfeng/yixueOT/new_code_test/experiment_batches/processed/RIRE_CT_MRI/patient_008_RIREPD__CT_to_MRI_mixed.npz,/data/bianfeng/yixueOT/new_code_test/registration_results/modified_full/data/patient_008_RIREPD_CT_to_MRI_mixed_result.mat,success,2.437946,forward,7.712869952231018,37.698679256750886,7.712869952231018,nan,nan,4.651757233404777,6.8129861610589675,20.512,nan,nan,
RIRE_CT_MRI,patient_008_RIREPD__CT_to_MRI_mixed,random_baseline,/data/bianfeng/yixueOT/new_code_test/experiment_batches/processed/RIRE_CT_MRI/patient_008_RIREPD__CT_to_MRI_mixed.npz,/data/bianfeng/yixueOT/new_code_test/registration_results/random_baseline/data/patient_008_RIREPD_CT_to_MRI_mixed_result.mat,success,0.922064,forward,8.51495522448297,38.43793004812211,8.51495522448297,nan,nan,5.453877507234962,7.381975615352944,22.20067616528564,nan,nan,
RIRE_CT_MRI,patient_008_RIREPD__CT_to_MRI_mixed,icp,/data/bianfeng/yixueOT/new_code_test/experiment_batches/processed/RIRE_CT_MRI/patient_008_RIREPD__CT_to_MRI_mixed.npz,/data/bianfeng/yixueOT/new_code_test/compare_results/icp/RIRE_CT_MRI/patient_008_RIREPD__CT_to_MRI_mixed_icp.npz,success,1.9639301300048828,forward,7.420550502204315,37.99771737274135,7.420550502204315,nan,nan,4.43773509562408,6.714902661895913,20.512,nan,nan,
RIRE_CT_MRI,patient_008_RIREPD__CT_to_MRI_mixed,fgr,/data/bianfeng/yixueOT/new_code_test/experiment_batches/processed/RIRE_CT_MRI/patient_008_RIREPD__CT_to_MRI_mixed.npz,/data/bianfeng/yixueOT/new_code_test/compare_results/fgr/RIRE_CT_MRI/patient_008_RIREPD__CT_to_MRI_mixed_fgr.npz,success,0.5994973182678223,forward,9.156739944291282,41.436735872776744,9.156739944291282,nan,nan,5.192449325595329,7.283693532028197,20.683958980324753,nan,nan,
RIRE_CT_MRI,patient_008_RIREPD__CT_to_MRI_mixed,ants,/data/bianfeng/yixueOT/new_code_test/experiment_batches/processed/RIRE_CT_MRI/patient_008_RIREPD__CT_to_MRI_mixed.npz,/data/bianfeng/yixueOT/new_code_test/compare_results/ants/RIRE_CT_MRI/patient_008_RIREPD__CT_to_MRI_mixed_ants.npz,success,1.9808626174926758,inverse,42.999796189440694,13.838419282801095,13.838419282801095,nan,nan,0.7931707339421733,2.795625194959806,14.251388019409374,nan,nan,
RIRE_CT_MRI,patient_008_RIRET1__CT_to_MRI_mixed,modified,/data/bianfeng/yixueOT/new_code_test/experiment_batches/processed/RIRE_CT_MRI/patient_008_RIRET1__CT_to_MRI_mixed.npz,/data/bianfeng/yixueOT/new_code_test/registration_results/modified/data/patient_008_RIRET1_CT_to_MRI_mixed_result.mat,success,0.576616,forward,6.7579593430209295,58.10409006334867,6.7579593430209295,nan,nan,3.4697186288273585,6.0075647140696855,20.278,nan,nan,
RIRE_CT_MRI,patient_008_RIRET1__CT_to_MRI_mixed,modified_full,/data/bianfeng/yixueOT/new_code_test/experiment_batches/processed/RIRE_CT_MRI/patient_008_RIRET1__CT_to_MRI_mixed.npz,/data/bianfeng/yixueOT/new_code_test/registration_results/modified_full/data/patient_008_RIRET1_CT_to_MRI_mixed_result.mat,success,2.505399,forward,7.0037631270298215,57.97457491582374,7.0037631270298215,nan,nan,3.7917886028853345,6.256010783193993,20.278,nan,nan,
RIRE_CT_MRI,patient_008_RIRET1__CT_to_MRI_mixed,random_baseline,/data/bianfeng/yixueOT/new_code_test/experiment_batches/processed/RIRE_CT_MRI/patient_008_RIRET1__CT_to_MRI_mixed.npz,/data/bianfeng/yixueOT/new_code_test/registration_results/random_baseline/data/patient_008_RIRET1_CT_to_MRI_mixed_result.mat,success,0.740962,forward,7.14261029000536,58.10917945657361,7.14261029000536,nan,nan,4.049017483397078,6.479498862138269,20.81994159014285,nan,nan,
RIRE_CT_MRI,patient_008_RIRET1__CT_to_MRI_mixed,icp,/data/bianfeng/yixueOT/new_code_test/experiment_batches/processed/RIRE_CT_MRI/patient_008_RIRET1__CT_to_MRI_mixed.npz,/data/bianfeng/yixueOT/new_code_test/compare_results/icp/RIRE_CT_MRI/patient_008_RIRET1__CT_to_MRI_mixed_icp.npz,success,2.3287770748138428,forward,6.719478245669093,58.43394641914803,6.719478245669093,nan,nan,3.38054910287735,5.905121723264237,20.278,nan,nan,
RIRE_CT_MRI,patient_008_RIRET1__CT_to_MRI_mixed,fgr,/data/bianfeng/yixueOT/new_code_test/experiment_batches/processed/RIRE_CT_MRI/patient_008_RIRET1__CT_to_MRI_mixed.npz,/data/bianfeng/yixueOT/new_code_test/compare_results/fgr/RIRE_CT_MRI/patient_008_RIRET1__CT_to_MRI_mixed_fgr.npz,success,0.6519246101379395,forward,8.384163336589861,61.26806940733239,8.384163336589861,nan,nan,4.667465421971724,6.962087925080791,21.50634971410704,nan,nan,
RIRE_CT_MRI,patient_008_RIRET1__CT_to_MRI_mixed,ants,/data/bianfeng/yixueOT/new_code_test/experiment_batches/processed/RIRE_CT_MRI/patient_008_RIRET1__CT_to_MRI_mixed.npz,/data/bianfeng/yixueOT/new_code_test/compare_results/ants/RIRE_CT_MRI/patient_008_RIRET1__CT_to_MRI_mixed_ants.npz,success,1.9111311435699463,inverse,61.891767911598045,12.206375013354027,12.206375013354027,nan,nan,0.894067669417037,3.2099847113229223,15.368358631667599,nan,nan,
RIRE_CT_MRI,patient_008_RIRET2__CT_to_MRI_mixed,modified,/data/bianfeng/yixueOT/new_code_test/experiment_batches/processed/RIRE_CT_MRI/patient_008_RIRET2__CT_to_MRI_mixed.npz,/data/bianfeng/yixueOT/new_code_test/registration_results/modified/data/patient_008_RIRET2_CT_to_MRI_mixed_result.mat,success,0.932852,forward,11.796764785896265,63.337995051403155,11.796764785896265,nan,nan,7.907517508624333,8.341813061827155,20.58437308834058,nan,nan,
RIRE_CT_MRI,patient_008_RIRET2__CT_to_MRI_mixed,modified_full,/data/bianfeng/yixueOT/new_code_test/experiment_batches/processed/RIRE_CT_MRI/patient_008_RIRET2__CT_to_MRI_mixed.npz,/data/bianfeng/yixueOT/new_code_test/registration_results/modified_full/data/patient_008_RIRET2_CT_to_MRI_mixed_result.mat,success,2.599714,forward,12.34521316250585,61.42590476316159,12.34521316250585,nan,nan,8.823860634513984,9.066930053338947,23.19357352802711,nan,nan,
RIRE_CT_MRI,patient_008_RIRET2__CT_to_MRI_mixed,random_baseline,/data/bianfeng/yixueOT/new_code_test/experiment_batches/processed/RIRE_CT_MRI/patient_008_RIRET2__CT_to_MRI_mixed.npz,/data/bianfeng/yixueOT/new_code_test/registration_results/random_baseline/data/patient_008_RIRET2_CT_to_MRI_mixed_result.mat,success,1.273774,forward,12.515392561309914,65.76128309725671,12.515392561309914,nan,nan,9.188063433496534,9.16332941371127,24.436799999999998,nan,nan,
RIRE_CT_MRI,patient_008_RIRET2__CT_to_MRI_mixed,icp,/data/bianfeng/yixueOT/new_code_test/experiment_batches/processed/RIRE_CT_MRI/patient_008_RIRET2__CT_to_MRI_mixed.npz,/data/bianfeng/yixueOT/new_code_test/compare_results/icp/RIRE_CT_MRI/patient_008_RIRET2__CT_to_MRI_mixed_icp.npz,success,2.9109981060028076,forward,12.007228457337336,60.012952080746736,12.007228457337336,nan,nan,8.552976767630733,8.87408658562116,22.05369491400477,nan,nan,
RIRE_CT_MRI,patient_008_RIRET2__CT_to_MRI_mixed,fgr,/data/bianfeng/yixueOT/new_code_test/experiment_batches/processed/RIRE_CT_MRI/patient_008_RIRET2__CT_to_MRI_mixed.npz,/data/bianfeng/yixueOT/new_code_test/compare_results/fgr/RIRE_CT_MRI/patient_008_RIRET2__CT_to_MRI_mixed_fgr.npz,success,0.5145039558410645,forward,13.18869745361058,61.56390951495803,13.18869745361058,nan,nan,8.825073531313333,8.653606101922357,23.95461974786893,nan,nan,
RIRE_CT_MRI,patient_008_RIRET2__CT_to_MRI_mixed,ants,/data/bianfeng/yixueOT/new_code_test/experiment_batches/processed/RIRE_CT_MRI/patient_008_RIRET2__CT_to_MRI_mixed.npz,/data/bianfeng/yixueOT/new_code_test/compare_results/ants/RIRE_CT_MRI/patient_008_RIRET2__CT_to_MRI_mixed_ants.npz,success,1.7806446552276611,inverse,66.2044633180636,14.26754740837486,14.26754740837486,nan,nan,5.672608679715773,5.943751499934843,16.91303566365305,nan,nan,
RIRE_CT_MRI,patient_101_RIREPD__CT_to_MRI_mixed,modified,/data/bianfeng/yixueOT/new_code_test/experiment_batches/processed/RIRE_CT_MRI/patient_101_RIREPD__CT_to_MRI_mixed.npz,/data/bianfeng/yixueOT/new_code_test/registration_results/modified/data/patient_101_RIREPD_CT_to_MRI_mixed_result.mat,success,0.715376,forward,5.108013902338217,7.538063838808698,5.108013902338217,nan,nan,2.215642179322006,4.694571610093401,18.39827165795744,nan,nan,
RIRE_CT_MRI,patient_101_RIREPD__CT_to_MRI_mixed,modified_full,/data/bianfeng/yixueOT/new_code_test/experiment_batches/processed/RIRE_CT_MRI/patient_101_RIREPD__CT_to_MRI_mixed.npz,/data/bianfeng/yixueOT/new_code_test/registration_results/modified_full/data/patient_101_RIREPD_CT_to_MRI_mixed_result.mat,success,2.755002,forward,5.09206239573939,7.8074854195412655,5.09206239573939,nan,nan,2.1138973275743593,4.599294742095347,18.223073286358698,nan,nan,
RIRE_CT_MRI,patient_101_RIREPD__CT_to_MRI_mixed,random_baseline,/data/bianfeng/yixueOT/new_code_test/experiment_batches/processed/RIRE_CT_MRI/patient_101_RIREPD__CT_to_MRI_mixed.npz,/data/bianfeng/yixueOT/new_code_test/registration_results/random_baseline/data/patient_101_RIREPD_CT_to_MRI_mixed_result.mat,success,1.274806,forward,5.410127157012915,8.024772592282943,5.410127157012915,nan,nan,2.443601321169253,4.890635259994797,18.0,nan,nan,
RIRE_CT_MRI,patient_101_RIREPD__CT_to_MRI_mixed,icp,/data/bianfeng/yixueOT/new_code_test/experiment_batches/processed/RIRE_CT_MRI/patient_101_RIREPD__CT_to_MRI_mixed.npz,/data/bianfeng/yixueOT/new_code_test/compare_results/icp/RIRE_CT_MRI/patient_101_RIREPD__CT_to_MRI_mixed_icp.npz,success,1.438364028930664,forward,4.721146317493873,7.900775120460902,4.721146317493873,nan,nan,1.9259722933238466,4.5062567180633275,19.09836642228858,nan,nan,
RIRE_CT_MRI,patient_101_RIREPD__CT_to_MRI_mixed,fgr,/data/bianfeng/yixueOT/new_code_test/experiment_batches/processed/RIRE_CT_MRI/patient_101_RIREPD__CT_to_MRI_mixed.npz,/data/bianfeng/yixueOT/new_code_test/compare_results/fgr/RIRE_CT_MRI/patient_101_RIREPD__CT_to_MRI_mixed_fgr.npz,success,0.7417628765106201,forward,15.11930200905497,18.544864860503473,15.11930200905497,nan,nan,7.421597492014028,10.554118846689093,30.44052561964067,nan,nan,
RIRE_CT_MRI,patient_101_RIREPD__CT_to_MRI_mixed,ants,/data/bianfeng/yixueOT/new_code_test/experiment_batches/processed/RIRE_CT_MRI/patient_101_RIREPD__CT_to_MRI_mixed.npz,/data/bianfeng/yixueOT/new_code_test/compare_results/ants/RIRE_CT_MRI/patient_101_RIREPD__CT_to_MRI_mixed_ants.npz,success,3.1947743892669678,inverse,9.186302386871334,5.745349460956754,5.745349460956754,nan,nan,2.5075848678288204,5.069403424007219,18.0,nan,nan,
RIRE_CT_MRI,patient_101_RIRET1__CT_to_MRI_mixed,modified,/data/bianfeng/yixueOT/new_code_test/experiment_batches/processed/RIRE_CT_MRI/patient_101_RIRET1__CT_to_MRI_mixed.npz,/data/bianfeng/yixueOT/new_code_test/registration_results/modified/data/patient_101_RIRET1_CT_to_MRI_mixed_result.mat,success,0.670224,forward,5.154878818419363,7.276330525892651,5.154878818419363,nan,nan,2.5612316913008,6.184489236830444,24.831149792146153,nan,nan,
RIRE_CT_MRI,patient_101_RIRET1__CT_to_MRI_mixed,modified_full,/data/bianfeng/yixueOT/new_code_test/experiment_batches/processed/RIRE_CT_MRI/patient_101_RIRET1__CT_to_MRI_mixed.npz,/data/bianfeng/yixueOT/new_code_test/registration_results/modified_full/data/patient_101_RIRET1_CT_to_MRI_mixed_result.mat,success,2.379386,forward,4.8272549913243585,7.289089087274731,4.8272549913243585,nan,nan,2.1830566997663166,5.770863440800979,24.09870535941713,nan,nan,
RIRE_CT_MRI,patient_101_RIRET1__CT_to_MRI_mixed,random_baseline,/data/bianfeng/yixueOT/new_code_test/experiment_batches/processed/RIRE_CT_MRI/patient_101_RIRET1__CT_to_MRI_mixed.npz,/data/bianfeng/yixueOT/new_code_test/registration_results/random_baseline/data/patient_101_RIRET1_CT_to_MRI_mixed_result.mat,success,1.160232,forward,5.065741212520996,8.416009154207837,5.065741212520996,nan,nan,2.3180470924160876,6.060542205238101,24.73265857120904,nan,nan,
RIRE_CT_MRI,patient_101_RIRET1__CT_to_MRI_mixed,icp,/data/bianfeng/yixueOT/new_code_test/experiment_batches/processed/RIRE_CT_MRI/patient_101_RIRET1__CT_to_MRI_mixed.npz,/data/bianfeng/yixueOT/new_code_test/compare_results/icp/RIRE_CT_MRI/patient_101_RIRET1__CT_to_MRI_mixed_icp.npz,success,2.001274347305298,forward,4.428593286120627,7.83768437017095,4.428593286120627,nan,nan,1.5324787877575528,5.212545072094233,24.343746630295016,nan,nan,
RIRE_CT_MRI,patient_101_RIRET1__CT_to_MRI_mixed,fgr,/data/bianfeng/yixueOT/new_code_test/experiment_batches/processed/RIRE_CT_MRI/patient_101_RIRET1__CT_to_MRI_mixed.npz,/data/bianfeng/yixueOT/new_code_test/compare_results/fgr/RIRE_CT_MRI/patient_101_RIRET1__CT_to_MRI_mixed_fgr.npz,success,0.7709310054779053,forward,8.160260893934373,12.472314059303582,8.160260893934373,nan,nan,4.4256017400913334,8.139371144978226,29.000862056152744,nan,nan,
RIRE_CT_MRI,patient_101_RIRET1__CT_to_MRI_mixed,ants,/data/bianfeng/yixueOT/new_code_test/experiment_batches/processed/RIRE_CT_MRI/patient_101_RIRET1__CT_to_MRI_mixed.npz,/data/bianfeng/yixueOT/new_code_test/compare_results/ants/RIRE_CT_MRI/patient_101_RIRET1__CT_to_MRI_mixed_ants.npz,success,3.59637451171875,inverse,9.142287632493861,4.704278140761821,4.704278140761821,nan,nan,1.5942010678901508,5.544339603182362,24.144697140366038,nan,nan,
RIRE_CT_MRI,patient_101_RIRET2__CT_to_MRI_mixed,modified,/data/bianfeng/yixueOT/new_code_test/experiment_batches/processed/RIRE_CT_MRI/patient_101_RIRET2__CT_to_MRI_mixed.npz,/data/bianfeng/yixueOT/new_code_test/registration_results/modified/data/patient_101_RIRET2_CT_to_MRI_mixed_result.mat,success,0.933776,forward,9.573796117852718,16.069484489732588,9.573796117852718,nan,nan,6.219623255421396,8.801917866832685,24.0,nan,nan,
RIRE_CT_MRI,patient_101_RIRET2__CT_to_MRI_mixed,modified_full,/data/bianfeng/yixueOT/new_code_test/experiment_batches/processed/RIRE_CT_MRI/patient_101_RIRET2__CT_to_MRI_mixed.npz,/data/bianfeng/yixueOT/new_code_test/registration_results/modified_full/data/patient_101_RIRET2_CT_to_MRI_mixed_result.mat,success,2.329658,forward,9.467269116405754,16.169642587111095,9.467269116405754,nan,nan,5.667080394774772,8.417257597041992,24.0,nan,nan,
RIRE_CT_MRI,patient_101_RIRET2__CT_to_MRI_mixed,random_baseline,/data/bianfeng/yixueOT/new_code_test/experiment_batches/processed/RIRE_CT_MRI/patient_101_RIRET2__CT_to_MRI_mixed.npz,/data/bianfeng/yixueOT/new_code_test/registration_results/random_baseline/data/patient_101_RIRET2_CT_to_MRI_mixed_result.mat,success,0.900202,forward,9.735655549656732,17.131566865296808,9.735655549656732,nan,nan,5.689423108290704,8.489186167584077,24.295184708085674,nan,nan,
RIRE_CT_MRI,patient_101_RIRET2__CT_to_MRI_mixed,icp,/data/bianfeng/yixueOT/new_code_test/experiment_batches/processed/RIRE_CT_MRI/patient_101_RIRET2__CT_to_MRI_mixed.npz,/data/bianfeng/yixueOT/new_code_test/compare_results/icp/RIRE_CT_MRI/patient_101_RIRET2__CT_to_MRI_mixed_icp.npz,success,1.8808963298797607,forward,9.316749266272149,15.990585740535195,9.316749266272149,nan,nan,5.616048583094596,8.420492815397427,24.0811461521249,nan,nan,
RIRE_CT_MRI,patient_101_RIRET2__CT_to_MRI_mixed,fgr,/data/bianfeng/yixueOT/new_code_test/experiment_batches/processed/RIRE_CT_MRI/patient_101_RIRET2__CT_to_MRI_mixed.npz,/data/bianfeng/yixueOT/new_code_test/compare_results/fgr/RIRE_CT_MRI/patient_101_RIRET2__CT_to_MRI_mixed_fgr.npz,success,0.7820754051208496,forward,11.208756588899885,16.29707180951243,11.208756588899885,nan,nan,8.013816144632292,9.609485531425177,25.470649775771324,nan,nan,
RIRE_CT_MRI,patient_101_RIRET2__CT_to_MRI_mixed,ants,/data/bianfeng/yixueOT/new_code_test/experiment_batches/processed/RIRE_CT_MRI/patient_101_RIRET2__CT_to_MRI_mixed.npz,/data/bianfeng/yixueOT/new_code_test/compare_results/ants/RIRE_CT_MRI/patient_101_RIRET2__CT_to_MRI_mixed_ants.npz,success,3.3417043685913086,inverse,14.80292816252704,10.523673734769623,10.523673734769623,nan,nan,7.490489883449064,9.523155772825094,24.922190914925597,nan,nan,
RIRE_CT_MRI,patient_102_RIREPD__CT_to_MRI_mixed,modified,/data/bianfeng/yixueOT/new_code_test/experiment_batches/processed/RIRE_CT_MRI/patient_102_RIREPD__CT_to_MRI_mixed.npz,/data/bianfeng/yixueOT/new_code_test/registration_results/modified/data/patient_102_RIREPD_CT_to_MRI_mixed_result.mat,success,0.924161,forward,11.361533409180602,18.121250608170776,11.361533409180602,nan,nan,6.733993244393658,7.120889061955543,23.481226543773218,nan,nan,
RIRE_CT_MRI,patient_102_RIREPD__CT_to_MRI_mixed,modified_full,/data/bianfeng/yixueOT/new_code_test/experiment_batches/processed/RIRE_CT_MRI/patient_102_RIREPD__CT_to_MRI_mixed.npz,/data/bianfeng/yixueOT/new_code_test/registration_results/modified_full/data/patient_102_RIREPD_CT_to_MRI_mixed_result.mat,success,2.684531,forward,11.232484055123502,17.936035391236317,11.232484055123502,nan,nan,6.511479708635973,6.937429925226855,23.753947040439407,nan,nan,
RIRE_CT_MRI,patient_102_RIREPD__CT_to_MRI_mixed,random_baseline,/data/bianfeng/yixueOT/new_code_test/experiment_batches/processed/RIRE_CT_MRI/patient_102_RIREPD__CT_to_MRI_mixed.npz,/data/bianfeng/yixueOT/new_code_test/registration_results/random_baseline/data/patient_102_RIREPD_CT_to_MRI_mixed_result.mat,success,1.334494,forward,11.09845001204563,18.558153336618094,11.09845001204563,nan,nan,6.3710902065511545,6.963402753736297,23.475817344663422,nan,nan,
RIRE_CT_MRI,patient_102_RIREPD__CT_to_MRI_mixed,icp,/data/bianfeng/yixueOT/new_code_test/experiment_batches/processed/RIRE_CT_MRI/patient_102_RIREPD__CT_to_MRI_mixed.npz,/data/bianfeng/yixueOT/new_code_test/compare_results/icp/RIRE_CT_MRI/patient_102_RIREPD__CT_to_MRI_mixed_icp.npz,success,2.220449447631836,forward,12.213671694237313,15.793963714385907,12.213671694237313,nan,nan,6.681437857763026,6.6657494254963465,24.960072115280433,nan,nan,
RIRE_CT_MRI,patient_102_RIREPD__CT_to_MRI_mixed,fgr,/data/bianfeng/yixueOT/new_code_test/experiment_batches/processed/RIRE_CT_MRI/patient_102_RIREPD__CT_to_MRI_mixed.npz,/data/bianfeng/yixueOT/new_code_test/compare_results/fgr/RIRE_CT_MRI/patient_102_RIREPD__CT_to_MRI_mixed_fgr.npz,success,1.0607693195343018,forward,19.43331871621398,20.329715881055193,19.43331871621398,nan,nan,9.025281661068341,9.108628383398214,30.370596279830817,nan,nan,
RIRE_CT_MRI,patient_102_RIREPD__CT_to_MRI_mixed,ants,/data/bianfeng/yixueOT/new_code_test/experiment_batches/processed/RIRE_CT_MRI/patient_102_RIREPD__CT_to_MRI_mixed.npz,/data/bianfeng/yixueOT/new_code_test/compare_results/ants/RIRE_CT_MRI/patient_102_RIREPD__CT_to_MRI_mixed_ants.npz,success,3.4532694816589355,inverse,14.669968361639931,13.348839102124764,13.348839102124764,nan,nan,6.875214265765477,6.795714519571985,25.459646501866434,nan,nan,
RIRE_CT_MRI,patient_102_RIRET1__CT_to_MRI_mixed,modified,/data/bianfeng/yixueOT/new_code_test/experiment_batches/processed/RIRE_CT_MRI/patient_102_RIRET1__CT_to_MRI_mixed.npz,/data/bianfeng/yixueOT/new_code_test/registration_results/modified/data/patient_102_RIRET1_CT_to_MRI_mixed_result.mat,success,0.948325,forward,11.229848793933032,18.124731991516445,11.229848793933032,nan,nan,6.476005096884626,8.55621936210965,31.269601852278196,nan,nan,
RIRE_CT_MRI,patient_102_RIRET1__CT_to_MRI_mixed,modified_full,/data/bianfeng/yixueOT/new_code_test/experiment_batches/processed/RIRE_CT_MRI/patient_102_RIRET1__CT_to_MRI_mixed.npz,/data/bianfeng/yixueOT/new_code_test/registration_results/modified_full/data/patient_102_RIRET1_CT_to_MRI_mixed_result.mat,success,2.795199,forward,11.055034616472446,17.74958392360057,11.055034616472446,nan,nan,6.050388229326449,8.22148424121298,31.895786555593826,nan,nan,
RIRE_CT_MRI,patient_102_RIRET1__CT_to_MRI_mixed,random_baseline,/data/bianfeng/yixueOT/new_code_test/experiment_batches/processed/RIRE_CT_MRI/patient_102_RIRET1__CT_to_MRI_mixed.npz,/data/bianfeng/yixueOT/new_code_test/registration_results/random_baseline/data/patient_102_RIRET1_CT_to_MRI_mixed_result.mat,success,1.041935,forward,11.088356262829274,18.038025769539857,11.088356262829274,nan,nan,5.770055624787645,8.105752348182296,31.88038895622197,nan,nan,
RIRE_CT_MRI,patient_102_RIRET1__CT_to_MRI_mixed,icp,/data/bianfeng/yixueOT/new_code_test/experiment_batches/processed/RIRE_CT_MRI/patient_102_RIRET1__CT_to_MRI_mixed.npz,/data/bianfeng/yixueOT/new_code_test/compare_results/icp/RIRE_CT_MRI/patient_102_RIRET1__CT_to_MRI_mixed_icp.npz,success,2.274984836578369,forward,11.924398094749808,16.041295525077015,11.924398094749808,nan,nan,5.747043377932427,7.845297636595751,32.381019131583855,nan,nan,
RIRE_CT_MRI,patient_102_RIRET1__CT_to_MRI_mixed,fgr,/data/bianfeng/yixueOT/new_code_test/experiment_batches/processed/RIRE_CT_MRI/patient_102_RIRET1__CT_to_MRI_mixed.npz,/data/bianfeng/yixueOT/new_code_test/compare_results/fgr/RIRE_CT_MRI/patient_102_RIRET1__CT_to_MRI_mixed_fgr.npz,success,0.9993326663970947,forward,14.968445518382772,25.43148300063546,14.968445518382772,nan,nan,8.260378998638561,10.991002598893488,34.160544492147665,nan,nan,
RIRE_CT_MRI,patient_102_RIRET1__CT_to_MRI_mixed,ants,/data/bianfeng/yixueOT/new_code_test/experiment_batches/processed/RIRE_CT_MRI/patient_102_RIRET1__CT_to_MRI_mixed.npz,/data/bianfeng/yixueOT/new_code_test/compare_results/ants/RIRE_CT_MRI/patient_102_RIRET1__CT_to_MRI_mixed_ants.npz,success,3.2571539878845215,inverse,14.722132313863389,13.128948751508597,13.128948751508597,nan,nan,5.934315727650758,7.968992366445029,31.795911686882008,nan,nan,
RIRE_CT_MRI,patient_102_RIRET2__CT_to_MRI_mixed,modified,/data/bianfeng/yixueOT/new_code_test/experiment_batches/processed/RIRE_CT_MRI/patient_102_RIRET2__CT_to_MRI_mixed.npz,/data/bianfeng/yixueOT/new_code_test/registration_results/modified/data/patient_102_RIRET2_CT_to_MRI_mixed_result.mat,success,0.952025,forward,12.473925354118931,19.581841445386,12.473925354118931,nan,nan,7.642528178381471,7.85789148747814,24.580032546764457,nan,nan,
RIRE_CT_MRI,patient_102_RIRET2__CT_to_MRI_mixed,modified_full,/data/bianfeng/yixueOT/new_code_test/experiment_batches/processed/RIRE_CT_MRI/patient_102_RIRET2__CT_to_MRI_mixed.npz,/data/bianfeng/yixueOT/new_code_test/registration_results/modified_full/data/patient_102_RIRET2_CT_to_MRI_mixed_result.mat,success,2.55303,forward,12.501507644663118,18.90661023643442,12.501507644663118,nan,nan,7.581980196454583,7.723791081770782,24.782251713676057,nan,nan,
RIRE_CT_MRI,patient_102_RIRET2__CT_to_MRI_mixed,random_baseline,/data/bianfeng/yixueOT/new_code_test/experiment_batches/processed/RIRE_CT_MRI/patient_102_RIRET2__CT_to_MRI_mixed.npz,/data/bianfeng/yixueOT/new_code_test/registration_results/random_baseline/data/patient_102_RIRET2_CT_to_MRI_mixed_result.mat,success,1.214312,forward,12.643284781378432,18.526593642155227,12.643284781378432,nan,nan,7.556242546338287,7.685982038023366,24.40157371974193,nan,nan,
RIRE_CT_MRI,patient_102_RIRET2__CT_to_MRI_mixed,icp,/data/bianfeng/yixueOT/new_code_test/experiment_batches/processed/RIRE_CT_MRI/patient_102_RIRET2__CT_to_MRI_mixed.npz,/data/bianfeng/yixueOT/new_code_test/compare_results/icp/RIRE_CT_MRI/patient_102_RIRET2__CT_to_MRI_mixed_icp.npz,success,2.5400938987731934,forward,13.411383888720474,16.607131988827287,13.411383888720474,nan,nan,7.876906055434549,7.550275626166249,26.575906381532874,nan,nan,
RIRE_CT_MRI,patient_102_RIRET2__CT_to_MRI_mixed,fgr,/data/bianfeng/yixueOT/new_code_test/experiment_batches/processed/RIRE_CT_MRI/patient_102_RIRET2__CT_to_MRI_mixed.npz,/data/bianfeng/yixueOT/new_code_test/compare_results/fgr/RIRE_CT_MRI/patient_102_RIRET2__CT_to_MRI_mixed_fgr.npz,success,1.0785202980041504,forward,16.69864379712484,26.04579048217872,16.69864379712484,nan,nan,10.461323470308027,10.819277785664273,29.76535570088152,nan,nan,
RIRE_CT_MRI,patient_102_RIRET2__CT_to_MRI_mixed,ants,/data/bianfeng/yixueOT/new_code_test/experiment_batches/processed/RIRE_CT_MRI/patient_102_RIRET2__CT_to_MRI_mixed.npz,/data/bianfeng/yixueOT/new_code_test/compare_results/ants/RIRE_CT_MRI/patient_102_RIRET2__CT_to_MRI_mixed_ants.npz,success,3.7642362117767334,inverse,15.743830535170662,14.357885235036209,14.357885235036209,nan,nan,7.964678582391574,7.581334455799075,27.26378550385107,nan,nan,
RIRE_CT_MRI,patient_103_RIREPD__CT_to_MRI_mixed,modified,/data/bianfeng/yixueOT/new_code_test/experiment_batches/processed/RIRE_CT_MRI/patient_103_RIREPD__CT_to_MRI_mixed.npz,/data/bianfeng/yixueOT/new_code_test/registration_results/modified/data/patient_103_RIREPD_CT_to_MRI_mixed_result.mat,success,0.864282,forward,4.8110914977359664,8.784570331126735,4.8110914977359664,nan,nan,1.9933852306618849,4.761867571124615,19.26457889495641,nan,nan,
RIRE_CT_MRI,patient_103_RIREPD__CT_to_MRI_mixed,modified_full,/data/bianfeng/yixueOT/new_code_test/experiment_batches/processed/RIRE_CT_MRI/patient_103_RIREPD__CT_to_MRI_mixed.npz,/data/bianfeng/yixueOT/new_code_test/registration_results/modified_full/data/patient_103_RIREPD_CT_to_MRI_mixed_result.mat,success,2.380996,forward,4.74027111744589,9.074646651948099,4.74027111744589,nan,nan,1.8365246874197663,4.564738571856685,18.245525478867414,nan,nan,
RIRE_CT_MRI,patient_103_RIREPD__CT_to_MRI_mixed,random_baseline,/data/bianfeng/yixueOT/new_code_test/experiment_batches/processed/RIRE_CT_MRI/patient_103_RIREPD__CT_to_MRI_mixed.npz,/data/bianfeng/yixueOT/new_code_test/registration_results/random_baseline/data/patient_103_RIREPD_CT_to_MRI_mixed_result.mat,success,1.100047,forward,4.805471597634896,10.278870783777965,4.805471597634896,nan,nan,2.295691278545204,5.026307185122317,19.681463360228072,nan,nan,
RIRE_CT_MRI,patient_103_RIREPD__CT_to_MRI_mixed,icp,/data/bianfeng/yixueOT/new_code_test/experiment_batches/processed/RIRE_CT_MRI/patient_103_RIREPD__CT_to_MRI_mixed.npz,/data/bianfeng/yixueOT/new_code_test/compare_results/icp/RIRE_CT_MRI/patient_103_RIREPD__CT_to_MRI_mixed_icp.npz,success,2.1040756702423096,forward,4.83312784313375,7.973184103788712,4.83312784313375,nan,nan,2.5598594501653236,5.721346284038424,23.11028342534985,nan,nan,
RIRE_CT_MRI,patient_103_RIREPD__CT_to_MRI_mixed,fgr,/data/bianfeng/yixueOT/new_code_test/experiment_batches/processed/RIRE_CT_MRI/patient_103_RIREPD__CT_to_MRI_mixed.npz,/data/bianfeng/yixueOT/new_code_test/compare_results/fgr/RIRE_CT_MRI/patient_103_RIREPD__CT_to_MRI_mixed_fgr.npz,success,0.5913915634155273,forward,4.393676492030253,11.03594599978352,4.393676492030253,nan,nan,1.8092264833546372,4.299712451850529,18.0,nan,nan,
RIRE_CT_MRI,patient_103_RIREPD__CT_to_MRI_mixed,ants,/data/bianfeng/yixueOT/new_code_test/experiment_batches/processed/RIRE_CT_MRI/patient_103_RIREPD__CT_to_MRI_mixed.npz,/data/bianfeng/yixueOT/new_code_test/compare_results/ants/RIRE_CT_MRI/patient_103_RIREPD__CT_to_MRI_mixed_ants.npz,success,3.2429254055023193,inverse,13.506765718006037,3.993453031691551,3.993453031691551,nan,nan,1.6049918188209917,4.456126006911196,18.016892073828938,nan,nan,
RIRE_CT_MRI,patient_103_RIRET1__CT_to_MRI_mixed,modified,/data/bianfeng/yixueOT/new_code_test/experiment_batches/processed/RIRE_CT_MRI/patient_103_RIRET1__CT_to_MRI_mixed.npz,/data/bianfeng/yixueOT/new_code_test/registration_results/modified/data/patient_103_RIRET1_CT_to_MRI_mixed_result.mat,success,0.776948,forward,4.779764226236024,9.480435109073714,4.779764226236024,nan,nan,2.159738089531309,4.802807217062383,18.8283403410922,nan,nan,
RIRE_CT_MRI,patient_103_RIRET1__CT_to_MRI_mixed,modified_full,/data/bianfeng/yixueOT/new_code_test/experiment_batches/processed/RIRE_CT_MRI/patient_103_RIRET1__CT_to_MRI_mixed.npz,/data/bianfeng/yixueOT/new_code_test/registration_results/modified_full/data/patient_103_RIRET1_CT_to_MRI_mixed_result.mat,success,2.536911,forward,4.518642958711981,10.366768746364954,4.518642958711981,nan,nan,2.0445656921357096,4.629277441010013,18.0,nan,nan,
RIRE_CT_MRI,patient_103_RIRET1__CT_to_MRI_mixed,random_baseline,/data/bianfeng/yixueOT/new_code_test/experiment_batches/processed/RIRE_CT_MRI/patient_103_RIRET1__CT_to_MRI_mixed.npz,/data/bianfeng/yixueOT/new_code_test/registration_results/random_baseline/data/patient_103_RIRET1_CT_to_MRI_mixed_result.mat,success,0.824803,forward,4.295526124009109,12.064125219473516,4.295526124009109,nan,nan,1.901576785145755,4.470733046719933,18.0,nan,nan,
RIRE_CT_MRI,patient_103_RIRET1__CT_to_MRI_mixed,icp,/data/bianfeng/yixueOT/new_code_test/experiment_batches/processed/RIRE_CT_MRI/patient_103_RIRET1__CT_to_MRI_mixed.npz,/data/bianfeng/yixueOT/new_code_test/compare_results/icp/RIRE_CT_MRI/patient_103_RIRET1__CT_to_MRI_mixed_icp.npz,success,2.1357147693634033,forward,4.974509740632927,7.846009053440867,4.974509740632927,nan,nan,2.6814902568115957,6.287475021582345,24.202917179546766,nan,nan,
RIRE_CT_MRI,patient_103_RIRET1__CT_to_MRI_mixed,fgr,/data/bianfeng/yixueOT/new_code_test/experiment_batches/processed/RIRE_CT_MRI/patient_103_RIRET1__CT_to_MRI_mixed.npz,/data/bianfeng/yixueOT/new_code_test/compare_results/fgr/RIRE_CT_MRI/patient_103_RIRET1__CT_to_MRI_mixed_fgr.npz,success,0.5480103492736816,forward,4.369255225472077,13.567834611071383,4.369255225472077,nan,nan,2.1188123116385524,4.762068133922164,18.954872724447398,nan,nan,
RIRE_CT_MRI,patient_103_RIRET1__CT_to_MRI_mixed,ants,/data/bianfeng/yixueOT/new_code_test/experiment_batches/processed/RIRE_CT_MRI/patient_103_RIRET1__CT_to_MRI_mixed.npz,/data/bianfeng/yixueOT/new_code_test/compare_results/ants/RIRE_CT_MRI/patient_103_RIRET1__CT_to_MRI_mixed_ants.npz,success,3.6365935802459717,inverse,14.100952298441863,4.1130241709174395,4.1130241709174395,nan,nan,1.764906543398768,4.729747182155235,20.893874700495356,nan,nan,
RIRE_CT_MRI,patient_104_RIREPD__CT_to_MRI_mixed,modified,/data/bianfeng/yixueOT/new_code_test/experiment_batches/processed/RIRE_CT_MRI/patient_104_RIREPD__CT_to_MRI_mixed.npz,/data/bianfeng/yixueOT/new_code_test/registration_results/modified/data/patient_104_RIREPD_CT_to_MRI_mixed_result.mat,success,0.915631,forward,4.0804953861792,6.494903062349366,4.0804953861792,nan,nan,1.6617918178547184,3.99133461457502,16.505671752461332,nan,nan,
RIRE_CT_MRI,patient_104_RIREPD__CT_to_MRI_mixed,modified_full,/data/bianfeng/yixueOT/new_code_test/experiment_batches/processed/RIRE_CT_MRI/patient_104_RIREPD__CT_to_MRI_mixed.npz,/data/bianfeng/yixueOT/new_code_test/registration_results/modified_full/data/patient_104_RIREPD_CT_to_MRI_mixed_result.mat,success,2.770613,forward,3.907593944247209,6.5805897294863,3.907593944247209,nan,nan,1.3941155982743259,3.7366172709033716,16.326726554946646,nan,nan,
RIRE_CT_MRI,patient_104_RIREPD__CT_to_MRI_mixed,random_baseline,/data/bianfeng/yixueOT/new_code_test/experiment_batches/processed/RIRE_CT_MRI/patient_104_RIREPD__CT_to_MRI_mixed.npz,/data/bianfeng/yixueOT/new_code_test/registration_results/random_baseline/data/patient_104_RIREPD_CT_to_MRI_mixed_result.mat,success,0.983142,forward,4.605958423110324,7.939227068799246,4.605958423110324,nan,nan,1.9947897212835064,4.2477502658095565,16.05726004024348,nan,nan,
RIRE_CT_MRI,patient_104_RIREPD__CT_to_MRI_mixed,icp,/data/bianfeng/yixueOT/new_code_test/experiment_batches/processed/RIRE_CT_MRI/patient_104_RIREPD__CT_to_MRI_mixed.npz,/data/bianfeng/yixueOT/new_code_test/compare_results/icp/RIRE_CT_MRI/patient_104_RIREPD__CT_to_MRI_mixed_icp.npz,success,1.5889313220977783,forward,3.6736506802329445,6.749082309496359,3.6736506802329445,nan,nan,1.113107736155723,3.4683073129172906,15.90894088240949,nan,nan,
RIRE_CT_MRI,patient_104_RIREPD__CT_to_MRI_mixed,fgr,/data/bianfeng/yixueOT/new_code_test/experiment_batches/processed/RIRE_CT_MRI/patient_104_RIREPD__CT_to_MRI_mixed.npz,/data/bianfeng/yixueOT/new_code_test/compare_results/fgr/RIRE_CT_MRI/patient_104_RIREPD__CT_to_MRI_mixed_fgr.npz,success,0.7503097057342529,forward,10.250196585144213,16.138910312743914,10.250196585144213,nan,nan,6.386576742671651,9.198303730403936,26.276301109554975,nan,nan,
RIRE_CT_MRI,patient_104_RIREPD__CT_to_MRI_mixed,ants,/data/bianfeng/yixueOT/new_code_test/experiment_batches/processed/RIRE_CT_MRI/patient_104_RIREPD__CT_to_MRI_mixed.npz,/data/bianfeng/yixueOT/new_code_test/compare_results/ants/RIRE_CT_MRI/patient_104_RIREPD__CT_to_MRI_mixed_ants.npz,success,3.365078926086426,inverse,7.571480282374232,3.984675548568335,3.984675548568335,nan,nan,1.4165943178296825,3.8077875704474504,15.0,nan,nan,
RIRE_CT_MRI,patient_104_RIRET1__CT_to_MRI_mixed,modified,/data/bianfeng/yixueOT/new_code_test/experiment_batches/processed/RIRE_CT_MRI/patient_104_RIRET1__CT_to_MRI_mixed.npz,/data/bianfeng/yixueOT/new_code_test/registration_results/modified/data/patient_104_RIRET1_CT_to_MRI_mixed_result.mat,success,0.872907,forward,4.551903210846642,7.479752165188436,4.551903210846642,nan,nan,2.4929720051104045,7.204103331990004,31.056245748641288,nan,nan,
RIRE_CT_MRI,patient_104_RIRET1__CT_to_MRI_mixed,modified_full,/data/bianfeng/yixueOT/new_code_test/experiment_batches/processed/RIRE_CT_MRI/patient_104_RIRET1__CT_to_MRI_mixed.npz,/data/bianfeng/yixueOT/new_code_test/registration_results/modified_full/data/patient_104_RIRET1_CT_to_MRI_mixed_result.mat,success,2.48473,forward,3.9407697564610022,7.0650361631560346,3.9407697564610022,nan,nan,1.6400913604829153,6.5007096945728335,30.874620644740936,nan,nan,
RIRE_CT_MRI,patient_104_RIRET1__CT_to_MRI_mixed,random_baseline,/data/bianfeng/yixueOT/new_code_test/experiment_batches/processed/RIRE_CT_MRI/patient_104_RIRET1__CT_to_MRI_mixed.npz,/data/bianfeng/yixueOT/new_code_test/registration_results/random_baseline/data/patient_104_RIRET1_CT_to_MRI_mixed_result.mat,success,0.547228,forward,3.9930726459279593,5.636545432083287,3.9930726459279593,nan,nan,1.593042201255096,6.358332329377019,30.130336871664742,nan,nan,
RIRE_CT_MRI,patient_104_RIRET1__CT_to_MRI_mixed,icp,/data/bianfeng/yixueOT/new_code_test/experiment_batches/processed/RIRE_CT_MRI/patient_104_RIRET1__CT_to_MRI_mixed.npz,/data/bianfeng/yixueOT/new_code_test/compare_results/icp/RIRE_CT_MRI/patient_104_RIRET1__CT_to_MRI_mixed_icp.npz,success,1.9994816780090332,forward,3.578564437130506,7.0964496812076465,3.578564437130506,nan,nan,0.8929263900251162,5.9176764494034595,30.825288259924466,nan,nan,
RIRE_CT_MRI,patient_104_RIRET1__CT_to_MRI_mixed,fgr,/data/bianfeng/yixueOT/new_code_test/experiment_batches/processed/RIRE_CT_MRI/patient_104_RIRET1__CT_to_MRI_mixed.npz,/data/bianfeng/yixueOT/new_code_test/compare_results/fgr/RIRE_CT_MRI/patient_104_RIRET1__CT_to_MRI_mixed_fgr.npz,success,0.8175055980682373,forward,9.13547139701463,12.34857712415318,9.13547139701463,nan,nan,5.360315172067883,9.550886789705187,32.86406548192113,nan,nan,
RIRE_CT_MRI,patient_104_RIRET1__CT_to_MRI_mixed,ants,/data/bianfeng/yixueOT/new_code_test/experiment_batches/processed/RIRE_CT_MRI/patient_104_RIRET1__CT_to_MRI_mixed.npz,/data/bianfeng/yixueOT/new_code_test/compare_results/ants/RIRE_CT_MRI/patient_104_RIRET1__CT_to_MRI_mixed_ants.npz,success,3.3086280822753906,inverse,7.455919205985958,3.877636588312705,3.877636588312705,nan,nan,1.2378885977602838,6.223044380203423,30.96796409194508,nan,nan,
RIRE_CT_MRI,patient_104_RIRET2__CT_to_MRI_mixed,modified,/data/bianfeng/yixueOT/new_code_test/experiment_batches/processed/RIRE_CT_MRI/patient_104_RIRET2__CT_to_MRI_mixed.npz,/data/bianfeng/yixueOT/new_code_test/registration_results/modified/data/patient_104_RIRET2_CT_to_MRI_mixed_result.mat,success,0.785437,forward,5.4845967663171775,7.949831210782183,5.4845967663171775,nan,nan,2.293893668909964,4.325510724446476,15.28823076748909,nan,nan,
RIRE_CT_MRI,patient_104_RIRET2__CT_to_MRI_mixed,modified_full,/data/bianfeng/yixueOT/new_code_test/experiment_batches/processed/RIRE_CT_MRI/patient_104_RIRET2__CT_to_MRI_mixed.npz,/data/bianfeng/yixueOT/new_code_test/registration_results/modified_full/data/patient_104_RIRET2_CT_to_MRI_mixed_result.mat,success,2.434633,forward,5.343240311568841,7.989293753499661,5.343240311568841,nan,nan,2.134933499560563,4.182155113204228,15.218725307988182,nan,nan,
RIRE_CT_MRI,patient_104_RIRET2__CT_to_MRI_mixed,random_baseline,/data/bianfeng/yixueOT/new_code_test/experiment_batches/processed/RIRE_CT_MRI/patient_104_RIRET2__CT_to_MRI_mixed.npz,/data/bianfeng/yixueOT/new_code_test/registration_results/random_baseline/data/patient_104_RIRET2_CT_to_MRI_mixed_result.mat,success,1.030179,forward,5.502449147897214,8.503205074999308,5.502449147897214,nan,nan,2.1582915474087727,4.1436315214621136,15.0,nan,nan,
RIRE_CT_MRI,patient_104_RIRET2__CT_to_MRI_mixed,icp,/data/bianfeng/yixueOT/new_code_test/experiment_batches/processed/RIRE_CT_MRI/patient_104_RIRET2__CT_to_MRI_mixed.npz,/data/bianfeng/yixueOT/new_code_test/compare_results/icp/RIRE_CT_MRI/patient_104_RIRET2__CT_to_MRI_mixed_icp.npz,success,1.931236743927002,forward,4.89611118762837,7.839538958486342,4.89611118762837,nan,nan,1.6934516615915012,3.8210557766638145,15.46557467409472,nan,nan,
RIRE_CT_MRI,patient_104_RIRET2__CT_to_MRI_mixed,fgr,/data/bianfeng/yixueOT/new_code_test/experiment_batches/processed/RIRE_CT_MRI/patient_104_RIRET2__CT_to_MRI_mixed.npz,/data/bianfeng/yixueOT/new_code_test/compare_results/fgr/RIRE_CT_MRI/patient_104_RIRET2__CT_to_MRI_mixed_fgr.npz,success,0.7569780349731445,forward,11.248658723895922,11.652289743123449,11.248658723895922,nan,nan,5.183101959304278,7.348506805953779,22.805131001596987,nan,nan,
RIRE_CT_MRI,patient_104_RIRET2__CT_to_MRI_mixed,ants,/data/bianfeng/yixueOT/new_code_test/experiment_batches/processed/RIRE_CT_MRI/patient_104_RIRET2__CT_to_MRI_mixed.npz,/data/bianfeng/yixueOT/new_code_test/compare_results/ants/RIRE_CT_MRI/patient_104_RIRET2__CT_to_MRI_mixed_ants.npz,success,3.957223892211914,inverse,8.250085756389447,5.483533268016817,5.483533268016817,nan,nan,2.271591360644519,4.30970808229857,15.0,nan,nan,
RIRE_CT_MRI,patient_105_RIRET1__CT_to_MRI_mixed,modified,/data/bianfeng/yixueOT/new_code_test/experiment_batches/processed/RIRE_CT_MRI/patient_105_RIRET1__CT_to_MRI_mixed.npz,/data/bianfeng/yixueOT/new_code_test/registration_results/modified/data/patient_105_RIRET1_CT_to_MRI_mixed_result.mat,success,0.741747,forward,4.908853525248006,11.305722717547317,4.908853525248006,nan,nan,2.143052953134529,6.599329382927111,30.230416098649957,nan,nan,
RIRE_CT_MRI,patient_105_RIRET1__CT_to_MRI_mixed,modified_full,/data/bianfeng/yixueOT/new_code_test/experiment_batches/processed/RIRE_CT_MRI/patient_105_RIRET1__CT_to_MRI_mixed.npz,/data/bianfeng/yixueOT/new_code_test/registration_results/modified_full/data/patient_105_RIRET1_CT_to_MRI_mixed_result.mat,success,2.723117,forward,4.890451475912593,11.49698770268376,4.890451475912593,nan,nan,2.15292854793402,6.6061964364002606,30.306599941266917,nan,nan,
RIRE_CT_MRI,patient_105_RIRET1__CT_to_MRI_mixed,random_baseline,/data/bianfeng/yixueOT/new_code_test/experiment_batches/processed/RIRE_CT_MRI/patient_105_RIRET1__CT_to_MRI_mixed.npz,/data/bianfeng/yixueOT/new_code_test/registration_results/random_baseline/data/patient_105_RIRET1_CT_to_MRI_mixed_result.mat,success,1.042375,forward,4.82284737468907,13.152141693580985,4.82284737468907,nan,nan,2.2122878258562606,6.685939208545278,30.72341126893301,nan,nan,
RIRE_CT_MRI,patient_105_RIRET1__CT_to_MRI_mixed,icp,/data/bianfeng/yixueOT/new_code_test/experiment_batches/processed/RIRE_CT_MRI/patient_105_RIRET1__CT_to_MRI_mixed.npz,/data/bianfeng/yixueOT/new_code_test/compare_results/icp/RIRE_CT_MRI/patient_105_RIRET1__CT_to_MRI_mixed_icp.npz,success,2.027554750442505,forward,4.616281420216353,8.107958726233628,4.616281420216353,nan,nan,1.7573829540438446,7.119469027152123,32.13533880325521,nan,nan,
RIRE_CT_MRI,patient_105_RIRET1__CT_to_MRI_mixed,fgr,/data/bianfeng/yixueOT/new_code_test/experiment_batches/processed/RIRE_CT_MRI/patient_105_RIRET1__CT_to_MRI_mixed.npz,/data/bianfeng/yixueOT/new_code_test/compare_results/fgr/RIRE_CT_MRI/patient_105_RIRET1__CT_to_MRI_mixed_fgr.npz,success,0.6691904067993164,forward,9.2235310618014,15.386522963925929,9.2235310618014,nan,nan,3.2737255922082884,8.728446396995635,39.90593439577628,nan,nan,
RIRE_CT_MRI,patient_105_RIRET1__CT_to_MRI_mixed,ants,/data/bianfeng/yixueOT/new_code_test/experiment_batches/processed/RIRE_CT_MRI/patient_105_RIRET1__CT_to_MRI_mixed.npz,/data/bianfeng/yixueOT/new_code_test/compare_results/ants/RIRE_CT_MRI/patient_105_RIRET1__CT_to_MRI_mixed_ants.npz,success,3.7903366088867188,inverse,18.918656725042105,5.192712879413647,5.192712879413647,nan,nan,1.7070724458784747,7.521605412026538,37.69605284376602,nan,nan,
RIRE_CT_MRI,patient_105_RIRET2__CT_to_MRI_mixed,modified,/data/bianfeng/yixueOT/new_code_test/experiment_batches/processed/RIRE_CT_MRI/patient_105_RIRET2__CT_to_MRI_mixed.npz,/data/bianfeng/yixueOT/new_code_test/registration_results/modified/data/patient_105_RIRET2_CT_to_MRI_mixed_result.mat,success,0.915031,forward,5.04951662722563,14.536573901343615,5.04951662722563,nan,nan,2.566823254659067,5.065013974522683,18.469358407914445,nan,nan,
RIRE_CT_MRI,patient_105_RIRET2__CT_to_MRI_mixed,modified_full,/data/bianfeng/yixueOT/new_code_test/experiment_batches/processed/RIRE_CT_MRI/patient_105_RIRET2__CT_to_MRI_mixed.npz,/data/bianfeng/yixueOT/new_code_test/registration_results/modified_full/data/patient_105_RIRET2_CT_to_MRI_mixed_result.mat,success,2.481463,forward,5.009988857847574,14.152503638895105,5.009988857847574,nan,nan,2.5176801004972713,5.0134400459623425,18.506485349736185,nan,nan,
RIRE_CT_MRI,patient_105_RIRET2__CT_to_MRI_mixed,random_baseline,/data/bianfeng/yixueOT/new_code_test/experiment_batches/processed/RIRE_CT_MRI/patient_105_RIRET2__CT_to_MRI_mixed.npz,/data/bianfeng/yixueOT/new_code_test/registration_results/random_baseline/data/patient_105_RIRET2_CT_to_MRI_mixed_result.mat,success,0.78373,forward,5.001134192446888,13.27797414912797,5.001134192446888,nan,nan,2.589390636306562,5.101857511408594,19.839153207735453,nan,nan,
RIRE_CT_MRI,patient_105_RIRET2__CT_to_MRI_mixed,icp,/data/bianfeng/yixueOT/new_code_test/experiment_batches/processed/RIRE_CT_MRI/patient_105_RIRET2__CT_to_MRI_mixed.npz,/data/bianfeng/yixueOT/new_code_test/compare_results/icp/RIRE_CT_MRI/patient_105_RIRET2__CT_to_MRI_mixed_icp.npz,success,2.1287097930908203,forward,4.918217602214954,13.027704289894729,4.918217602214954,nan,nan,2.4479297915788583,4.96349111036854,18.914132282502415,nan,nan,
RIRE_CT_MRI,patient_105_RIRET2__CT_to_MRI_mixed,fgr,/data/bianfeng/yixueOT/new_code_test/experiment_batches/processed/RIRE_CT_MRI/patient_105_RIRET2__CT_to_MRI_mixed.npz,/data/bianfeng/yixueOT/new_code_test/compare_results/fgr/RIRE_CT_MRI/patient_105_RIRET2__CT_to_MRI_mixed_fgr.npz,success,0.6316952705383301,forward,5.644255899253876,17.850175381432795,5.644255899253876,nan,nan,3.361158873663471,6.097056977171654,20.978970422782908,nan,nan,
RIRE_CT_MRI,patient_105_RIRET2__CT_to_MRI_mixed,ants,/data/bianfeng/yixueOT/new_code_test/experiment_batches/processed/RIRE_CT_MRI/patient_105_RIRET2__CT_to_MRI_mixed.npz,/data/bianfeng/yixueOT/new_code_test/compare_results/ants/RIRE_CT_MRI/patient_105_RIRET2__CT_to_MRI_mixed_ants.npz,success,3.3578743934631348,inverse,19.59760874147586,6.344238900159683,6.344238900159683,nan,nan,3.3673559908099944,6.480768077835336,24.245279953013537,nan,nan,
RIRE_CT_MRI,patient_106_RIRET1__CT_to_MRI_mixed,modified,/data/bianfeng/yixueOT/new_code_test/experiment_batches/processed/RIRE_CT_MRI/patient_106_RIRET1__CT_to_MRI_mixed.npz,/data/bianfeng/yixueOT/new_code_test/registration_results/modified/data/patient_106_RIRET1_CT_to_MRI_mixed_result.mat,success,0.721505,forward,4.871065951970023,8.932250526726856,4.871065951970023,nan,nan,1.9033818743118878,5.531092716821579,24.0,nan,nan,
RIRE_CT_MRI,patient_106_RIRET1__CT_to_MRI_mixed,modified_full,/data/bianfeng/yixueOT/new_code_test/experiment_batches/processed/RIRE_CT_MRI/patient_106_RIRET1__CT_to_MRI_mixed.npz,/data/bianfeng/yixueOT/new_code_test/registration_results/modified_full/data/patient_106_RIRET1_CT_to_MRI_mixed_result.mat,success,2.661349,forward,4.8281773135698325,9.279767157597298,4.8281773135698325,nan,nan,1.9006861615645214,5.516389911592637,23.461195616096166,nan,nan,
RIRE_CT_MRI,patient_106_RIRET1__CT_to_MRI_mixed,random_baseline,/data/bianfeng/yixueOT/new_code_test/experiment_batches/processed/RIRE_CT_MRI/patient_106_RIRET1__CT_to_MRI_mixed.npz,/data/bianfeng/yixueOT/new_code_test/registration_results/random_baseline/data/patient_106_RIRET1_CT_to_MRI_mixed_result.mat,success,1.324588,forward,4.928855977890172,9.38695897596959,4.928855977890172,nan,nan,2.0306248401936693,5.6577511256167465,23.971816785550484,nan,nan,
RIRE_CT_MRI,patient_106_RIRET1__CT_to_MRI_mixed,icp,/data/bianfeng/yixueOT/new_code_test/experiment_batches/processed/RIRE_CT_MRI/patient_106_RIRET1__CT_to_MRI_mixed.npz,/data/bianfeng/yixueOT/new_code_test/compare_results/icp/RIRE_CT_MRI/patient_106_RIRET1__CT_to_MRI_mixed_icp.npz,success,2.0207722187042236,forward,4.857340793272497,6.327596709938268,4.857340793272497,nan,nan,1.945383242599228,6.552180023494686,29.039559225305055,nan,nan,
RIRE_CT_MRI,patient_106_RIRET1__CT_to_MRI_mixed,fgr,/data/bianfeng/yixueOT/new_code_test/experiment_batches/processed/RIRE_CT_MRI/patient_106_RIRET1__CT_to_MRI_mixed.npz,/data/bianfeng/yixueOT/new_code_test/compare_results/fgr/RIRE_CT_MRI/patient_106_RIRET1__CT_to_MRI_mixed_fgr.npz,success,0.607551097869873,forward,7.294325523476114,17.74928338571603,7.294325523476114,nan,nan,3.3424552849610505,7.221506029856492,28.869818149756327,nan,nan,
RIRE_CT_MRI,patient_106_RIRET1__CT_to_MRI_mixed,ants,/data/bianfeng/yixueOT/new_code_test/experiment_batches/processed/RIRE_CT_MRI/patient_106_RIRET1__CT_to_MRI_mixed.npz,/data/bianfeng/yixueOT/new_code_test/compare_results/ants/RIRE_CT_MRI/patient_106_RIRET1__CT_to_MRI_mixed_ants.npz,success,3.5363545417785645,inverse,15.225384646073723,4.703859403607765,4.703859403607765,nan,nan,1.7996859393224027,6.229405448188636,27.0,nan,nan,
RIRE_CT_MRI,patient_106_RIRET2__CT_to_MRI_mixed,modified,/data/bianfeng/yixueOT/new_code_test/experiment_batches/processed/RIRE_CT_MRI/patient_106_RIRET2__CT_to_MRI_mixed.npz,/data/bianfeng/yixueOT/new_code_test/registration_results/modified/data/patient_106_RIRET2_CT_to_MRI_mixed_result.mat,success,0.605236,forward,5.944532743657935,8.981798737032426,5.944532743657935,nan,nan,2.969671337565685,5.7059617338024315,21.28843817662536,nan,nan,
RIRE_CT_MRI,patient_106_RIRET2__CT_to_MRI_mixed,modified_full,/data/bianfeng/yixueOT/new_code_test/experiment_batches/processed/RIRE_CT_MRI/patient_106_RIRET2__CT_to_MRI_mixed.npz,/data/bianfeng/yixueOT/new_code_test/registration_results/modified_full/data/patient_106_RIRET2_CT_to_MRI_mixed_result.mat,success,2.546679,forward,6.030106148233634,8.842225863440692,6.030106148233634,nan,nan,3.0213078562868763,5.755065416154063,21.20710258380432,nan,nan,
RIRE_CT_MRI,patient_106_RIRET2__CT_to_MRI_mixed,random_baseline,/data/bianfeng/yixueOT/new_code_test/experiment_batches/processed/RIRE_CT_MRI/patient_106_RIRET2__CT_to_MRI_mixed.npz,/data/bianfeng/yixueOT/new_code_test/registration_results/random_baseline/data/patient_106_RIRET2_CT_to_MRI_mixed_result.mat,success,0.949926,forward,5.982044543523982,8.576080477956943,5.982044543523982,nan,nan,2.935972079145817,5.774301279817339,22.148191799783564,nan,nan,
RIRE_CT_MRI,patient_106_RIRET2__CT_to_MRI_mixed,icp,/data/bianfeng/yixueOT/new_code_test/experiment_batches/processed/RIRE_CT_MRI/patient_106_RIRET2__CT_to_MRI_mixed.npz,/data/bianfeng/yixueOT/new_code_test/compare_results/icp/RIRE_CT_MRI/patient_106_RIRET2__CT_to_MRI_mixed_icp.npz,success,2.1695847511291504,forward,5.785773568160651,8.831510905907136,5.785773568160651,nan,nan,2.833870349570242,5.639067552278784,21.646440815986356,nan,nan,
RIRE_CT_MRI,patient_106_RIRET2__CT_to_MRI_mixed,fgr,/data/bianfeng/yixueOT/new_code_test/experiment_batches/processed/RIRE_CT_MRI/patient_106_RIRET2__CT_to_MRI_mixed.npz,/data/bianfeng/yixueOT/new_code_test/compare_results/fgr/RIRE_CT_MRI/patient_106_RIRET2__CT_to_MRI_mixed_fgr.npz,success,0.7316932678222656,forward,8.444462724824733,16.95771064234713,8.444462724824733,nan,nan,3.8540431977512273,7.16089463821796,25.897775966287142,nan,nan,
RIRE_CT_MRI,patient_106_RIRET2__CT_to_MRI_mixed,ants,/data/bianfeng/yixueOT/new_code_test/experiment_batches/processed/RIRE_CT_MRI/patient_106_RIRET2__CT_to_MRI_mixed.npz,/data/bianfeng/yixueOT/new_code_test/compare_results/ants/RIRE_CT_MRI/patient_106_RIRET2__CT_to_MRI_mixed_ants.npz,success,3.350585460662842,inverse,15.841802247430907,7.470410244075131,7.470410244075131,nan,nan,3.2749838542715883,6.261816094770525,21.03199467478061,nan,nan,
RIRE_CT_MRI,patient_107_RIRET1__CT_to_MRI_mixed,modified,/data/bianfeng/yixueOT/new_code_test/experiment_batches/processed/RIRE_CT_MRI/patient_107_RIRET1__CT_to_MRI_mixed.npz,/data/bianfeng/yixueOT/new_code_test/registration_results/modified/data/patient_107_RIRET1_CT_to_MRI_mixed_result.mat,success,0.925383,forward,9.807984638694272,19.268404285359978,9.807984638694272,nan,nan,5.91782707302441,7.411005893440368,22.983385303301166,nan,nan,
RIRE_CT_MRI,patient_107_RIRET1__CT_to_MRI_mixed,modified_full,/data/bianfeng/yixueOT/new_code_test/experiment_batches/processed/RIRE_CT_MRI/patient_107_RIRET1__CT_to_MRI_mixed.npz,/data/bianfeng/yixueOT/new_code_test/registration_results/modified_full/data/patient_107_RIRET1_CT_to_MRI_mixed_result.mat,success,2.597192,forward,9.808127958023457,18.94395910965154,9.808127958023457,nan,nan,5.876266539918135,7.325738984403159,23.07467855630825,nan,nan,
RIRE_CT_MRI,patient_107_RIRET1__CT_to_MRI_mixed,random_baseline,/data/bianfeng/yixueOT/new_code_test/experiment_batches/processed/RIRE_CT_MRI/patient_107_RIRET1__CT_to_MRI_mixed.npz,/data/bianfeng/yixueOT/new_code_test/registration_results/random_baseline/data/patient_107_RIRET1_CT_to_MRI_mixed_result.mat,success,1.296945,forward,9.37222079961,18.881989241999598,9.37222079961,nan,nan,5.617149835533322,7.255601551888705,23.22,nan,nan,
RIRE_CT_MRI,patient_107_RIRET1__CT_to_MRI_mixed,icp,/data/bianfeng/yixueOT/new_code_test/experiment_batches/processed/RIRE_CT_MRI/patient_107_RIRET1__CT_to_MRI_mixed.npz,/data/bianfeng/yixueOT/new_code_test/compare_results/icp/RIRE_CT_MRI/patient_107_RIRET1__CT_to_MRI_mixed_icp.npz,success,2.298518419265747,forward,10.078678564877336,17.34639043205072,10.078678564877336,nan,nan,5.721173944562816,7.5204923850545216,25.72131411883926,nan,nan,
RIRE_CT_MRI,patient_107_RIRET1__CT_to_MRI_mixed,fgr,/data/bianfeng/yixueOT/new_code_test/experiment_batches/processed/RIRE_CT_MRI/patient_107_RIRET1__CT_to_MRI_mixed.npz,/data/bianfeng/yixueOT/new_code_test/compare_results/fgr/RIRE_CT_MRI/patient_107_RIRET1__CT_to_MRI_mixed_fgr.npz,success,1.034391164779663,forward,13.679959044278583,27.675411786687725,13.679959044278583,nan,nan,6.173462709764862,8.835632060778883,27.068394854516217,nan,nan,
RIRE_CT_MRI,patient_107_RIRET1__CT_to_MRI_mixed,ants,/data/bianfeng/yixueOT/new_code_test/experiment_batches/processed/RIRE_CT_MRI/patient_107_RIRET1__CT_to_MRI_mixed.npz,/data/bianfeng/yixueOT/new_code_test/compare_results/ants/RIRE_CT_MRI/patient_107_RIRET1__CT_to_MRI_mixed_ants.npz,success,3.1020166873931885,inverse,17.60699169927332,11.976500524449897,11.976500524449897,nan,nan,7.734289976148167,8.999774845933972,27.195587877448062,nan,nan,
RIRE_CT_MRI,patient_107_RIRET2__CT_to_MRI_mixed,modified,/data/bianfeng/yixueOT/new_code_test/experiment_batches/processed/RIRE_CT_MRI/patient_107_RIRET2__CT_to_MRI_mixed.npz,/data/bianfeng/yixueOT/new_code_test/registration_results/modified/data/patient_107_RIRET2_CT_to_MRI_mixed_result.mat,success,0.948212,forward,12.534624332965656,19.282272654499305,12.534624332965656,nan,nan,8.045054004247133,8.111997456718784,25.065992898746302,nan,nan,
RIRE_CT_MRI,patient_107_RIRET2__CT_to_MRI_mixed,modified_full,/data/bianfeng/yixueOT/new_code_test/experiment_batches/processed/RIRE_CT_MRI/patient_107_RIRET2__CT_to_MRI_mixed.npz,/data/bianfeng/yixueOT/new_code_test/registration_results/modified_full/data/patient_107_RIRET2_CT_to_MRI_mixed_result.mat,success,2.509146,forward,12.527179803341044,19.998212976821645,12.527179803341044,nan,nan,7.655787176087726,7.982631114061706,24.281392052351528,nan,nan,
RIRE_CT_MRI,patient_107_RIRET2__CT_to_MRI_mixed,random_baseline,/data/bianfeng/yixueOT/new_code_test/experiment_batches/processed/RIRE_CT_MRI/patient_107_RIRET2__CT_to_MRI_mixed.npz,/data/bianfeng/yixueOT/new_code_test/registration_results/random_baseline/data/patient_107_RIRET2_CT_to_MRI_mixed_result.mat,success,1.332781,forward,12.58453617848138,19.141314347592314,12.58453617848138,nan,nan,7.936617516406358,8.108998029955798,25.548205416427976,nan,nan,
RIRE_CT_MRI,patient_107_RIRET2__CT_to_MRI_mixed,icp,/data/bianfeng/yixueOT/new_code_test/experiment_batches/processed/RIRE_CT_MRI/patient_107_RIRET2__CT_to_MRI_mixed.npz,/data/bianfeng/yixueOT/new_code_test/compare_results/icp/RIRE_CT_MRI/patient_107_RIRET2__CT_to_MRI_mixed_icp.npz,success,1.7175111770629883,forward,12.995503167464458,18.702860720835876,12.995503167464458,nan,nan,8.113475998439243,8.069378523939537,26.104217182085474,nan,nan,
RIRE_CT_MRI,patient_107_RIRET2__CT_to_MRI_mixed,fgr,/data/bianfeng/yixueOT/new_code_test/experiment_batches/processed/RIRE_CT_MRI/patient_107_RIRET2__CT_to_MRI_mixed.npz,/data/bianfeng/yixueOT/new_code_test/compare_results/fgr/RIRE_CT_MRI/patient_107_RIRET2__CT_to_MRI_mixed_fgr.npz,success,0.9430711269378662,inverse,22.273821152625047,20.21698383992577,20.21698383992577,nan,nan,12.956795260461638,14.121592738572062,40.754155616329484,nan,nan,
RIRE_CT_MRI,patient_107_RIRET2__CT_to_MRI_mixed,ants,/data/bianfeng/yixueOT/new_code_test/experiment_batches/processed/RIRE_CT_MRI/patient_107_RIRET2__CT_to_MRI_mixed.npz,/data/bianfeng/yixueOT/new_code_test/compare_results/ants/RIRE_CT_MRI/patient_107_RIRET2__CT_to_MRI_mixed_ants.npz,success,3.3770229816436768,inverse,19.755243912772197,14.78020582476881,14.78020582476881,nan,nan,10.783483954494933,10.319232601342065,28.635223065308917,nan,nan,
RIRE_CT_MRI,patient_108_RIRET1__CT_to_MRI_mixed,modified,/data/bianfeng/yixueOT/new_code_test/experiment_batches/processed/RIRE_CT_MRI/patient_108_RIRET1__CT_to_MRI_mixed.npz,/data/bianfeng/yixueOT/new_code_test/registration_results/modified/data/patient_108_RIRET1_CT_to_MRI_mixed_result.mat,success,0.960282,forward,5.008752798738842,12.229157536781273,5.008752798738842,nan,nan,2.270939412365797,5.756943930567833,22.00290889859793,nan,nan,
RIRE_CT_MRI,patient_108_RIRET1__CT_to_MRI_mixed,modified_full,/data/bianfeng/yixueOT/new_code_test/experiment_batches/processed/RIRE_CT_MRI/patient_108_RIRET1__CT_to_MRI_mixed.npz,/data/bianfeng/yixueOT/new_code_test/registration_results/modified_full/data/patient_108_RIRET1_CT_to_MRI_mixed_result.mat,success,2.469273,forward,4.8721832048824005,12.814720650403455,4.8721832048824005,nan,nan,2.1703765715762717,5.690187975603254,22.233317341323584,nan,nan,
RIRE_CT_MRI,patient_108_RIRET1__CT_to_MRI_mixed,random_baseline,/data/bianfeng/yixueOT/new_code_test/experiment_batches/processed/RIRE_CT_MRI/patient_108_RIRET1__CT_to_MRI_mixed.npz,/data/bianfeng/yixueOT/new_code_test/registration_results/random_baseline/data/patient_108_RIRET1_CT_to_MRI_mixed_result.mat,success,1.138277,forward,4.809325023644161,13.100061387902018,4.809325023644161,nan,nan,1.8492876375806901,5.395848288761774,22.633479626429516,nan,nan,
RIRE_CT_MRI,patient_108_RIRET1__CT_to_MRI_mixed,icp,/data/bianfeng/yixueOT/new_code_test/experiment_batches/processed/RIRE_CT_MRI/patient_108_RIRET1__CT_to_MRI_mixed.npz,/data/bianfeng/yixueOT/new_code_test/compare_results/icp/RIRE_CT_MRI/patient_108_RIRET1__CT_to_MRI_mixed_icp.npz,success,2.0868687629699707,forward,5.49184530081396,6.707665472425721,5.49184530081396,nan,nan,2.6085454570170974,7.25939776942685,30.0,nan,nan,
RIRE_CT_MRI,patient_108_RIRET1__CT_to_MRI_mixed,fgr,/data/bianfeng/yixueOT/new_code_test/experiment_batches/processed/RIRE_CT_MRI/patient_108_RIRET1__CT_to_MRI_mixed.npz,/data/bianfeng/yixueOT/new_code_test/compare_results/fgr/RIRE_CT_MRI/patient_108_RIRET1__CT_to_MRI_mixed_fgr.npz,success,0.7499346733093262,forward,5.738374885229223,13.874526283126668,5.738374885229223,nan,nan,2.9493017052075334,6.597631064036673,26.645074591751474,nan,nan,
RIRE_CT_MRI,patient_108_RIRET1__CT_to_MRI_mixed,ants,/data/bianfeng/yixueOT/new_code_test/experiment_batches/processed/RIRE_CT_MRI/patient_108_RIRET1__CT_to_MRI_mixed.npz,/data/bianfeng/yixueOT/new_code_test/compare_results/ants/RIRE_CT_MRI/patient_108_RIRET1__CT_to_MRI_mixed_ants.npz,success,3.2840869426727295,inverse,17.38015241858916,4.2244374047665465,4.2244374047665465,nan,nan,1.691278891854644,5.875843904381258,25.57339242259423,nan,nan,
RIRE_CT_MRI,patient_108_RIRET2__CT_to_MRI_mixed,modified,/data/bianfeng/yixueOT/new_code_test/experiment_batches/processed/RIRE_CT_MRI/patient_108_RIRET2__CT_to_MRI_mixed.npz,/data/bianfeng/yixueOT/new_code_test/registration_results/modified/data/patient_108_RIRET2_CT_to_MRI_mixed_result.mat,success,0.906231,forward,5.267456467515431,11.995027675746543,5.267456467515431,nan,nan,2.7041224385840112,4.909390518026727,17.297918949977767,nan,nan,
RIRE_CT_MRI,patient_108_RIRET2__CT_to_MRI_mixed,modified_full,/data/bianfeng/yixueOT/new_code_test/experiment_batches/processed/RIRE_CT_MRI/patient_108_RIRET2__CT_to_MRI_mixed.npz,/data/bianfeng/yixueOT/new_code_test/registration_results/modified_full/data/patient_108_RIRET2_CT_to_MRI_mixed_result.mat,success,2.490824,forward,5.243660682539955,12.120463980768225,5.243660682539955,nan,nan,2.6779299253229802,4.888172437083446,17.239512754135482,nan,nan,
RIRE_CT_MRI,patient_108_RIRET2__CT_to_MRI_mixed,random_baseline,/data/bianfeng/yixueOT/new_code_test/experiment_batches/processed/RIRE_CT_MRI/patient_108_RIRET2__CT_to_MRI_mixed.npz,/data/bianfeng/yixueOT/new_code_test/registration_results/random_baseline/data/patient_108_RIRET2_CT_to_MRI_mixed_result.mat,success,1.123198,forward,5.122109212806333,12.402874717130652,5.122109212806333,nan,nan,2.608332644145519,4.8286712319738765,17.788940384407386,nan,nan,
RIRE_CT_MRI,patient_108_RIRET2__CT_to_MRI_mixed,icp,/data/bianfeng/yixueOT/new_code_test/experiment_batches/processed/RIRE_CT_MRI/patient_108_RIRET2__CT_to_MRI_mixed.npz,/data/bianfeng/yixueOT/new_code_test/compare_results/icp/RIRE_CT_MRI/patient_108_RIRET2__CT_to_MRI_mixed_icp.npz,success,2.1523725986480713,forward,5.128042864580506,12.6045018300401,5.128042864580506,nan,nan,2.5205044846202993,4.796520074220265,17.38293415968662,nan,nan,
RIRE_CT_MRI,patient_108_RIRET2__CT_to_MRI_mixed,fgr,/data/bianfeng/yixueOT/new_code_test/experiment_batches/processed/RIRE_CT_MRI/patient_108_RIRET2__CT_to_MRI_mixed.npz,/data/bianfeng/yixueOT/new_code_test/compare_results/fgr/RIRE_CT_MRI/patient_108_RIRET2__CT_to_MRI_mixed_fgr.npz,success,0.9119429588317871,forward,6.679402659767491,14.054676437442652,6.679402659767491,nan,nan,3.637855772072077,6.225370432870435,22.959999999999997,nan,nan,
RIRE_CT_MRI,patient_108_RIRET2__CT_to_MRI_mixed,ants,/data/bianfeng/yixueOT/new_code_test/experiment_batches/processed/RIRE_CT_MRI/patient_108_RIRET2__CT_to_MRI_mixed.npz,/data/bianfeng/yixueOT/new_code_test/compare_results/ants/RIRE_CT_MRI/patient_108_RIRET2__CT_to_MRI_mixed_ants.npz,success,2.989936590194702,inverse,18.02359676927643,5.597629743792317,5.597629743792317,nan,nan,2.7840142818271976,5.639572916422806,19.315413534273606,nan,nan,
RIRE_CT_MRI,patient_109_RIRET1__CT_to_MRI_mixed,modified,/data/bianfeng/yixueOT/new_code_test/experiment_batches/processed/RIRE_CT_MRI/patient_109_RIRET1__CT_to_MRI_mixed.npz,/data/bianfeng/yixueOT/new_code_test/registration_results/modified/data/patient_109_RIRET1_CT_to_MRI_mixed_result.mat,success,0.943939,forward,4.343576255534649,14.003797504477326,4.343576255534649,nan,nan,1.9054775275826719,6.104093427793533,25.41500344284848,nan,nan,
RIRE_CT_MRI,patient_109_RIRET1__CT_to_MRI_mixed,modified_full,/data/bianfeng/yixueOT/new_code_test/experiment_batches/processed/RIRE_CT_MRI/patient_109_RIRET1__CT_to_MRI_mixed.npz,/data/bianfeng/yixueOT/new_code_test/registration_results/modified_full/data/patient_109_RIRET1_CT_to_MRI_mixed_result.mat,success,2.665708,forward,4.304826371418244,14.157769654011878,4.304826371418244,nan,nan,1.8394782585084732,6.069028483021224,25.369385592742354,nan,nan,
RIRE_CT_MRI,patient_109_RIRET1__CT_to_MRI_mixed,random_baseline,/data/bianfeng/yixueOT/new_code_test/experiment_batches/processed/RIRE_CT_MRI/patient_109_RIRET1__CT_to_MRI_mixed.npz,/data/bianfeng/yixueOT/new_code_test/registration_results/random_baseline/data/patient_109_RIRET1_CT_to_MRI_mixed_result.mat,success,1.092456,forward,4.301145078693284,14.82994604152034,4.301145078693284,nan,nan,1.7557436729715132,6.0825760696663815,26.260913921644082,nan,nan,
RIRE_CT_MRI,patient_109_RIRET1__CT_to_MRI_mixed,icp,/data/bianfeng/yixueOT/new_code_test/experiment_batches/processed/RIRE_CT_MRI/patient_109_RIRET1__CT_to_MRI_mixed.npz,/data/bianfeng/yixueOT/new_code_test/compare_results/icp/RIRE_CT_MRI/patient_109_RIRET1__CT_to_MRI_mixed_icp.npz,success,1.7778849601745605,forward,4.522753960707586,8.553950893011235,4.522753960707586,nan,nan,2.037364709018631,7.494857876230851,32.90733656800562,nan,nan,
RIRE_CT_MRI,patient_109_RIRET1__CT_to_MRI_mixed,fgr,/data/bianfeng/yixueOT/new_code_test/experiment_batches/processed/RIRE_CT_MRI/patient_109_RIRET1__CT_to_MRI_mixed.npz,/data/bianfeng/yixueOT/new_code_test/compare_results/fgr/RIRE_CT_MRI/patient_109_RIRET1__CT_to_MRI_mixed_fgr.npz,success,0.778397798538208,forward,8.092684906394359,19.863553087234354,8.092684906394359,nan,nan,3.8695042648210896,8.577374937564464,33.0,nan,nan,
RIRE_CT_MRI,patient_109_RIRET1__CT_to_MRI_mixed,ants,/data/bianfeng/yixueOT/new_code_test/experiment_batches/processed/RIRE_CT_MRI/patient_109_RIRET1__CT_to_MRI_mixed.npz,/data/bianfeng/yixueOT/new_code_test/compare_results/ants/RIRE_CT_MRI/patient_109_RIRET1__CT_to_MRI_mixed_ants.npz,success,2.675100564956665,inverse,16.524190734122644,4.259647524691977,4.259647524691977,nan,nan,1.540905067384183,6.202697383986957,27.0,nan,nan,
RIRE_CT_MRI,patient_109_RIRET2__CT_to_MRI_mixed,modified,/data/bianfeng/yixueOT/new_code_test/experiment_batches/processed/RIRE_CT_MRI/patient_109_RIRET2__CT_to_MRI_mixed.npz,/data/bianfeng/yixueOT/new_code_test/registration_results/modified/data/patient_109_RIRET2_CT_to_MRI_mixed_result.mat,success,0.947033,forward,5.300554576372059,13.97343906337095,5.300554576372059,nan,nan,2.8601233807568507,5.351626121365068,18.018668097281775,nan,nan,
RIRE_CT_MRI,patient_109_RIRET2__CT_to_MRI_mixed,modified_full,/data/bianfeng/yixueOT/new_code_test/experiment_batches/processed/RIRE_CT_MRI/patient_109_RIRET2__CT_to_MRI_mixed.npz,/data/bianfeng/yixueOT/new_code_test/registration_results/modified_full/data/patient_109_RIRET2_CT_to_MRI_mixed_result.mat,success,2.522451,forward,5.300526668617298,13.936753160037041,5.300526668617298,nan,nan,2.877677583445776,5.361163994172788,18.037316873637277,nan,nan,
RIRE_CT_MRI,patient_109_RIRET2__CT_to_MRI_mixed,random_baseline,/data/bianfeng/yixueOT/new_code_test/experiment_batches/processed/RIRE_CT_MRI/patient_109_RIRET2__CT_to_MRI_mixed.npz,/data/bianfeng/yixueOT/new_code_test/registration_results/random_baseline/data/patient_109_RIRET2_CT_to_MRI_mixed_result.mat,success,1.016514,forward,5.425030237738468,12.738719002777872,5.425030237738468,nan,nan,3.0021667323759176,5.631983007023598,19.808382064166672,nan,nan,
RIRE_CT_MRI,patient_109_RIRET2__CT_to_MRI_mixed,icp,/data/bianfeng/yixueOT/new_code_test/experiment_batches/processed/RIRE_CT_MRI/patient_109_RIRET2__CT_to_MRI_mixed.npz,/data/bianfeng/yixueOT/new_code_test/compare_results/icp/RIRE_CT_MRI/patient_109_RIRET2__CT_to_MRI_mixed_icp.npz,success,2.221064805984497,forward,5.328323132086034,12.900617181646663,5.328323132086034,nan,nan,2.8526676149076224,5.440955846416659,19.29248558377069,nan,nan,
RIRE_CT_MRI,patient_109_RIRET2__CT_to_MRI_mixed,fgr,/data/bianfeng/yixueOT/new_code_test/experiment_batches/processed/RIRE_CT_MRI/patient_109_RIRET2__CT_to_MRI_mixed.npz,/data/bianfeng/yixueOT/new_code_test/compare_results/fgr/RIRE_CT_MRI/patient_109_RIRET2__CT_to_MRI_mixed_fgr.npz,success,0.7853467464447021,forward,6.574014164895852,17.5514819386899,6.574014164895852,nan,nan,3.5514214384471194,5.819953501842713,18.910843450253616,nan,nan,
RIRE_CT_MRI,patient_109_RIRET2__CT_to_MRI_mixed,ants,/data/bianfeng/yixueOT/new_code_test/experiment_batches/processed/RIRE_CT_MRI/patient_109_RIRET2__CT_to_MRI_mixed.npz,/data/bianfeng/yixueOT/new_code_test/compare_results/ants/RIRE_CT_MRI/patient_109_RIRET2__CT_to_MRI_mixed_ants.npz,success,3.2943620681762695,inverse,17.626371291324496,6.25877273068563,6.25877273068563,nan,nan,2.470732887059626,5.226274521034165,18.400543470234783,nan,nan,
