dataset,case_name,algorithm,pair_npz,result_file,status,elapsed_time_s,rmse_mm,mi,dice,asd_mm,hd95_mm,tre95_mm,tre_mean_mm,message
AbdomenMRCT_CT_MRI,AbdomenMRCT_0001__CT_to_MRI_mixed,modified,/data/bianfeng/yixueOT/new_code_test/experiment_batches/processed/AbdomenMRCT_CT_MRI/AbdomenMRCT_0001__CT_to_MRI_mixed.npz,/data/bianfeng/yixueOT/new_code_test/registration_results/modified/data/AbdomenMRCT_0001_CT_to_MRI_mixed_result.mat,success,1.556769,nan,0.14715665889085452,0.43308277392206335,17.200895025720623,49.35585071701227,nan,nan,
AbdomenMRCT_CT_MRI,AbdomenMRCT_0001__CT_to_MRI_mixed,modified_full,/data/bianfeng/yixueOT/new_code_test/experiment_batches/processed/AbdomenMRCT_CT_MRI/AbdomenMRCT_0001__CT_to_MRI_mixed.npz,/data/bianfeng/yixueOT/new_code_test/registration_results/modified_full/data/AbdomenMRCT_0001_CT_to_MRI_mixed_result.mat,success,2.652039,nan,0.14543202537499036,0.48797987176365554,15.631327170083658,47.58150901348127,nan,nan,
AbdomenMRCT_CT_MRI,AbdomenMRCT_0001__CT_to_MRI_mixed,random_baseline,/data/bianfeng/yixueOT/new_code_test/experiment_batches/processed/AbdomenMRCT_CT_MRI/AbdomenMRCT_0001__CT_to_MRI_mixed.npz,/data/bianfeng/yixueOT/new_code_test/registration_results/random_baseline/data/AbdomenMRCT_0001_CT_to_MRI_mixed_result.mat,success,1.269897,nan,0.13564187363655605,0.5428406299667679,14.09248482909681,42.567593307585526,nan,nan,
AbdomenMRCT_CT_MRI,AbdomenMRCT_0001__CT_to_MRI_mixed,icp,/data/bianfeng/yixueOT/new_code_test/experiment_batches/processed/AbdomenMRCT_CT_MRI/AbdomenMRCT_0001__CT_to_MRI_mixed.npz,/data/bianfeng/yixueOT/new_code_test/compare_results/icp/AbdomenMRCT_CT_MRI/AbdomenMRCT_0001__CT_to_MRI_mixed_icp.npz,success,2.257075786590576,nan,0.17369333135404458,0.59904258216726,13.675461385251252,70.14271166700073,nan,nan,
AbdomenMRCT_CT_MRI,AbdomenMRCT_0001__CT_to_MRI_mixed,fgr,/data/bianfeng/yixueOT/new_code_test/experiment_batches/processed/AbdomenMRCT_CT_MRI/AbdomenMRCT_0001__CT_to_MRI_mixed.npz,/data/bianfeng/yixueOT/new_code_test/compare_results/fgr/AbdomenMRCT_CT_MRI/AbdomenMRCT_0001__CT_to_MRI_mixed_fgr.npz,success,0.3278665542602539,nan,0.14164164031313067,0.594916094591761,15.314002457883609,85.27602242131137,nan,nan,
AbdomenMRCT_CT_MRI,AbdomenMRCT_0001__CT_to_MRI_mixed,ants,/data/bianfeng/yixueOT/new_code_test/experiment_batches/processed/AbdomenMRCT_CT_MRI/AbdomenMRCT_0001__CT_to_MRI_mixed.npz,/data/bianfeng/yixueOT/new_code_test/compare_results/ants/AbdomenMRCT_CT_MRI/AbdomenMRCT_0001__CT_to_MRI_mixed_ants.npz,success,3.0729806423187256,nan,0.16045179488188854,0.46264638103748296,19.68263104315957,88.11356308764276,nan,nan,
AbdomenMRCT_CT_MRI,AbdomenMRCT_0002__CT_to_MRI_mixed,modified,/data/bianfeng/yixueOT/new_code_test/experiment_batches/processed/AbdomenMRCT_CT_MRI/AbdomenMRCT_0002__CT_to_MRI_mixed.npz,/data/bianfeng/yixueOT/new_code_test/registration_results/modified/data/AbdomenMRCT_0002_CT_to_MRI_mixed_result.mat,success,0.831617,nan,0.05553883681454766,0.6597416312596704,10.803510628895602,27.28368592080937,nan,nan,
AbdomenMRCT_CT_MRI,AbdomenMRCT_0002__CT_to_MRI_mixed,modified_full,/data/bianfeng/yixueOT/new_code_test/experiment_batches/processed/AbdomenMRCT_CT_MRI/AbdomenMRCT_0002__CT_to_MRI_mixed.npz,/data/bianfeng/yixueOT/new_code_test/registration_results/modified_full/data/AbdomenMRCT_0002_CT_to_MRI_mixed_result.mat,success,2.732396,nan,0.06056079316468073,0.6775067351354271,10.379101717560097,26.153393661244042,nan,nan,
AbdomenMRCT_CT_MRI,AbdomenMRCT_0002__CT_to_MRI_mixed,random_baseline,/data/bianfeng/yixueOT/new_code_test/experiment_batches/processed/AbdomenMRCT_CT_MRI/AbdomenMRCT_0002__CT_to_MRI_mixed.npz,/data/bianfeng/yixueOT/new_code_test/registration_results/random_baseline/data/AbdomenMRCT_0002_CT_to_MRI_mixed_result.mat,success,0.84382,nan,0.07176272427775425,0.7043739239567446,9.793701872069132,26.30589287593181,nan,nan,
AbdomenMRCT_CT_MRI,AbdomenMRCT_0002__CT_to_MRI_mixed,icp,/data/bianfeng/yixueOT/new_code_test/experiment_batches/processed/AbdomenMRCT_CT_MRI/AbdomenMRCT_0002__CT_to_MRI_mixed.npz,/data/bianfeng/yixueOT/new_code_test/compare_results/icp/AbdomenMRCT_CT_MRI/AbdomenMRCT_0002__CT_to_MRI_mixed_icp.npz,success,2.9491970539093018,nan,0.06367274597859501,0.7341734224996869,9.74983030463558,29.597297173897484,nan,nan,
AbdomenMRCT_CT_MRI,AbdomenMRCT_0002__CT_to_MRI_mixed,fgr,/data/bianfeng/yixueOT/new_code_test/experiment_batches/processed/AbdomenMRCT_CT_MRI/AbdomenMRCT_0002__CT_to_MRI_mixed.npz,/data/bianfeng/yixueOT/new_code_test/compare_results/fgr/AbdomenMRCT_CT_MRI/AbdomenMRCT_0002__CT_to_MRI_mixed_fgr.npz,success,0.48807311058044434,nan,0.06087008568583824,0.7271081770413131,9.94458840734015,31.368774282716245,nan,nan,
AbdomenMRCT_CT_MRI,AbdomenMRCT_0002__CT_to_MRI_mixed,ants,/data/bianfeng/yixueOT/new_code_test/experiment_batches/processed/AbdomenMRCT_CT_MRI/AbdomenMRCT_0002__CT_to_MRI_mixed.npz,/data/bianfeng/yixueOT/new_code_test/compare_results/ants/AbdomenMRCT_CT_MRI/AbdomenMRCT_0002__CT_to_MRI_mixed_ants.npz,success,3.3060007095336914,nan,0.1767539158219866,0.32202956923228054,36.241708459963554,92.71029605522357,nan,nan,
AbdomenMRCT_CT_MRI,AbdomenMRCT_0003__CT_to_MRI_mixed,modified,/data/bianfeng/yixueOT/new_code_test/experiment_batches/processed/AbdomenMRCT_CT_MRI/AbdomenMRCT_0003__CT_to_MRI_mixed.npz,/data/bianfeng/yixueOT/new_code_test/registration_results/modified/data/AbdomenMRCT_0003_CT_to_MRI_mixed_result.mat,success,0.706848,nan,0.052570633740220515,0.6793735067693124,7.273357004077354,18.867962264113206,nan,nan,
AbdomenMRCT_CT_MRI,AbdomenMRCT_0003__CT_to_MRI_mixed,modified_full,/data/bianfeng/yixueOT/new_code_test/experiment_batches/processed/AbdomenMRCT_CT_MRI/AbdomenMRCT_0003__CT_to_MRI_mixed.npz,/data/bianfeng/yixueOT/new_code_test/registration_results/modified_full/data/AbdomenMRCT_0003_CT_to_MRI_mixed_result.mat,success,2.024186,nan,0.05288883405011929,0.6830034829676411,7.212433048365206,18.867962264113206,nan,nan,
AbdomenMRCT_CT_MRI,AbdomenMRCT_0003__CT_to_MRI_mixed,random_baseline,/data/bianfeng/yixueOT/new_code_test/experiment_batches/processed/AbdomenMRCT_CT_MRI/AbdomenMRCT_0003__CT_to_MRI_mixed.npz,/data/bianfeng/yixueOT/new_code_test/registration_results/random_baseline/data/AbdomenMRCT_0003_CT_to_MRI_mixed_result.mat,success,0.722592,nan,0.0471601539692806,0.6667971737475052,7.571534348605052,19.390719429665317,nan,nan,
AbdomenMRCT_CT_MRI,AbdomenMRCT_0003__CT_to_MRI_mixed,icp,/data/bianfeng/yixueOT/new_code_test/experiment_batches/processed/AbdomenMRCT_CT_MRI/AbdomenMRCT_0003__CT_to_MRI_mixed.npz,/data/bianfeng/yixueOT/new_code_test/compare_results/icp/AbdomenMRCT_CT_MRI/AbdomenMRCT_0003__CT_to_MRI_mixed_icp.npz,success,2.341891050338745,nan,0.05232414972737166,0.6982777070824547,7.047004650241285,20.0,nan,nan,
AbdomenMRCT_CT_MRI,AbdomenMRCT_0003__CT_to_MRI_mixed,fgr,/data/bianfeng/yixueOT/new_code_test/experiment_batches/processed/AbdomenMRCT_CT_MRI/AbdomenMRCT_0003__CT_to_MRI_mixed.npz,/data/bianfeng/yixueOT/new_code_test/compare_results/fgr/AbdomenMRCT_CT_MRI/AbdomenMRCT_0003__CT_to_MRI_mixed_fgr.npz,success,0.4942605495452881,nan,0.05627396631795834,0.6862988426417499,7.621033582016665,23.07378005096472,nan,nan,
AbdomenMRCT_CT_MRI,AbdomenMRCT_0003__CT_to_MRI_mixed,ants,/data/bianfeng/yixueOT/new_code_test/experiment_batches/processed/AbdomenMRCT_CT_MRI/AbdomenMRCT_0003__CT_to_MRI_mixed.npz,/data/bianfeng/yixueOT/new_code_test/compare_results/ants/AbdomenMRCT_CT_MRI/AbdomenMRCT_0003__CT_to_MRI_mixed_ants.npz,success,3.436298131942749,nan,0.08168427375657619,0.44082216371271055,14.68361495149025,38.05259518088089,nan,nan,
AbdomenMRCT_CT_MRI,AbdomenMRCT_0004__CT_to_MRI_mixed,modified,/data/bianfeng/yixueOT/new_code_test/experiment_batches/processed/AbdomenMRCT_CT_MRI/AbdomenMRCT_0004__CT_to_MRI_mixed.npz,/data/bianfeng/yixueOT/new_code_test/registration_results/modified/data/AbdomenMRCT_0004_CT_to_MRI_mixed_result.mat,success,0.812885,nan,0.14685699033445462,0.817253039055842,5.210043812060319,14.142135623730951,nan,nan,
AbdomenMRCT_CT_MRI,AbdomenMRCT_0004__CT_to_MRI_mixed,modified_full,/data/bianfeng/yixueOT/new_code_test/experiment_batches/processed/AbdomenMRCT_CT_MRI/AbdomenMRCT_0004__CT_to_MRI_mixed.npz,/data/bianfeng/yixueOT/new_code_test/registration_results/modified_full/data/AbdomenMRCT_0004_CT_to_MRI_mixed_result.mat,success,1.952469,nan,0.15064382694142103,0.8192658792376573,5.167513971154367,14.2828568570857,nan,nan,
AbdomenMRCT_CT_MRI,AbdomenMRCT_0004__CT_to_MRI_mixed,random_baseline,/data/bianfeng/yixueOT/new_code_test/experiment_batches/processed/AbdomenMRCT_CT_MRI/AbdomenMRCT_0004__CT_to_MRI_mixed.npz,/data/bianfeng/yixueOT/new_code_test/registration_results/random_baseline/data/AbdomenMRCT_0004_CT_to_MRI_mixed_result.mat,success,0.585107,nan,0.14252197236298886,0.8149042998980709,5.262321655545646,14.696938456699069,nan,nan,
AbdomenMRCT_CT_MRI,AbdomenMRCT_0004__CT_to_MRI_mixed,icp,/data/bianfeng/yixueOT/new_code_test/experiment_batches/processed/AbdomenMRCT_CT_MRI/AbdomenMRCT_0004__CT_to_MRI_mixed.npz,/data/bianfeng/yixueOT/new_code_test/compare_results/icp/AbdomenMRCT_CT_MRI/AbdomenMRCT_0004__CT_to_MRI_mixed_icp.npz,success,1.8813624382019043,nan,0.1494938931466477,0.8194708201938545,5.176162597854225,14.142135623730951,nan,nan,
AbdomenMRCT_CT_MRI,AbdomenMRCT_0004__CT_to_MRI_mixed,fgr,/data/bianfeng/yixueOT/new_code_test/experiment_batches/processed/AbdomenMRCT_CT_MRI/AbdomenMRCT_0004__CT_to_MRI_mixed.npz,/data/bianfeng/yixueOT/new_code_test/compare_results/fgr/AbdomenMRCT_CT_MRI/AbdomenMRCT_0004__CT_to_MRI_mixed_fgr.npz,success,0.4560971260070801,nan,0.1464443339868146,0.8183961716263619,5.211903221400999,14.966629547095765,nan,nan,
AbdomenMRCT_CT_MRI,AbdomenMRCT_0004__CT_to_MRI_mixed,ants,/data/bianfeng/yixueOT/new_code_test/experiment_batches/processed/AbdomenMRCT_CT_MRI/AbdomenMRCT_0004__CT_to_MRI_mixed.npz,/data/bianfeng/yixueOT/new_code_test/compare_results/ants/AbdomenMRCT_CT_MRI/AbdomenMRCT_0004__CT_to_MRI_mixed_ants.npz,success,3.231018304824829,nan,0.11181525082584018,0.5171208762171902,13.125504760108875,31.874754901018456,nan,nan,
AbdomenMRCT_CT_MRI,AbdomenMRCT_0005__CT_to_MRI_mixed,modified,/data/bianfeng/yixueOT/new_code_test/experiment_batches/processed/AbdomenMRCT_CT_MRI/AbdomenMRCT_0005__CT_to_MRI_mixed.npz,/data/bianfeng/yixueOT/new_code_test/registration_results/modified/data/AbdomenMRCT_0005_CT_to_MRI_mixed_result.mat,success,0.738108,nan,0.043390429077890674,0.5703843326142666,11.652640761348492,26.0,nan,nan,
AbdomenMRCT_CT_MRI,AbdomenMRCT_0005__CT_to_MRI_mixed,modified_full,/data/bianfeng/yixueOT/new_code_test/experiment_batches/processed/AbdomenMRCT_CT_MRI/AbdomenMRCT_0005__CT_to_MRI_mixed.npz,/data/bianfeng/yixueOT/new_code_test/registration_results/modified_full/data/AbdomenMRCT_0005_CT_to_MRI_mixed_result.mat,success,2.103903,nan,0.04196580767675058,0.573506631813341,11.538056212379933,26.153393661244042,nan,nan,
AbdomenMRCT_CT_MRI,AbdomenMRCT_0005__CT_to_MRI_mixed,random_baseline,/data/bianfeng/yixueOT/new_code_test/experiment_batches/processed/AbdomenMRCT_CT_MRI/AbdomenMRCT_0005__CT_to_MRI_mixed.npz,/data/bianfeng/yixueOT/new_code_test/registration_results/random_baseline/data/AbdomenMRCT_0005_CT_to_MRI_mixed_result.mat,success,0.698241,nan,0.04324223801887547,0.5696391913990466,11.70662028626446,27.85677655436824,nan,nan,
AbdomenMRCT_CT_MRI,AbdomenMRCT_0005__CT_to_MRI_mixed,icp,/data/bianfeng/yixueOT/new_code_test/experiment_batches/processed/AbdomenMRCT_CT_MRI/AbdomenMRCT_0005__CT_to_MRI_mixed.npz,/data/bianfeng/yixueOT/new_code_test/compare_results/icp/AbdomenMRCT_CT_MRI/AbdomenMRCT_0005__CT_to_MRI_mixed_icp.npz,success,1.6012890338897705,nan,0.04663031823806457,0.5914952196538787,11.259963600049723,32.802438933713454,nan,nan,
AbdomenMRCT_CT_MRI,AbdomenMRCT_0005__CT_to_MRI_mixed,fgr,/data/bianfeng/yixueOT/new_code_test/experiment_batches/processed/AbdomenMRCT_CT_MRI/AbdomenMRCT_0005__CT_to_MRI_mixed.npz,/data/bianfeng/yixueOT/new_code_test/compare_results/fgr/AbdomenMRCT_CT_MRI/AbdomenMRCT_0005__CT_to_MRI_mixed_fgr.npz,success,0.510901927947998,nan,0.042158168571089664,0.5751265787359825,11.42742551237567,28.635642126552707,nan,nan,
AbdomenMRCT_CT_MRI,AbdomenMRCT_0005__CT_to_MRI_mixed,ants,/data/bianfeng/yixueOT/new_code_test/experiment_batches/processed/AbdomenMRCT_CT_MRI/AbdomenMRCT_0005__CT_to_MRI_mixed.npz,/data/bianfeng/yixueOT/new_code_test/compare_results/ants/AbdomenMRCT_CT_MRI/AbdomenMRCT_0005__CT_to_MRI_mixed_ants.npz,success,3.193615198135376,nan,0.09117047390125466,0.4079100625943529,17.25860945013483,44.090815370097204,nan,nan,
AbdomenMRCT_CT_MRI,AbdomenMRCT_0006__CT_to_MRI_mixed,modified,/data/bianfeng/yixueOT/new_code_test/experiment_batches/processed/AbdomenMRCT_CT_MRI/AbdomenMRCT_0006__CT_to_MRI_mixed.npz,/data/bianfeng/yixueOT/new_code_test/registration_results/modified/data/AbdomenMRCT_0006_CT_to_MRI_mixed_result.mat,success,0.622624,nan,0.048961829186987944,0.7216913747613009,8.121987932622856,19.79898987322333,nan,nan,
AbdomenMRCT_CT_MRI,AbdomenMRCT_0006__CT_to_MRI_mixed,modified_full,/data/bianfeng/yixueOT/new_code_test/experiment_batches/processed/AbdomenMRCT_CT_MRI/AbdomenMRCT_0006__CT_to_MRI_mixed.npz,/data/bianfeng/yixueOT/new_code_test/registration_results/modified_full/data/AbdomenMRCT_0006_CT_to_MRI_mixed_result.mat,success,2.013914,nan,0.05012969547254965,0.7244215010814682,8.068230219460146,20.0,nan,nan,
AbdomenMRCT_CT_MRI,AbdomenMRCT_0006__CT_to_MRI_mixed,random_baseline,/data/bianfeng/yixueOT/new_code_test/experiment_batches/processed/AbdomenMRCT_CT_MRI/AbdomenMRCT_0006__CT_to_MRI_mixed.npz,/data/bianfeng/yixueOT/new_code_test/registration_results/random_baseline/data/AbdomenMRCT_0006_CT_to_MRI_mixed_result.mat,success,0.523983,nan,0.05485486206646298,0.7311365963696261,7.985602309611814,20.8806130178211,nan,nan,
AbdomenMRCT_CT_MRI,AbdomenMRCT_0006__CT_to_MRI_mixed,icp,/data/bianfeng/yixueOT/new_code_test/experiment_batches/processed/AbdomenMRCT_CT_MRI/AbdomenMRCT_0006__CT_to_MRI_mixed.npz,/data/bianfeng/yixueOT/new_code_test/compare_results/icp/AbdomenMRCT_CT_MRI/AbdomenMRCT_0006__CT_to_MRI_mixed_icp.npz,success,1.4526453018188477,nan,0.050430169054957244,0.7255939896754491,8.317581675993502,25.612496949731394,nan,nan,
AbdomenMRCT_CT_MRI,AbdomenMRCT_0006__CT_to_MRI_mixed,fgr,/data/bianfeng/yixueOT/new_code_test/experiment_batches/processed/AbdomenMRCT_CT_MRI/AbdomenMRCT_0006__CT_to_MRI_mixed.npz,/data/bianfeng/yixueOT/new_code_test/compare_results/fgr/AbdomenMRCT_CT_MRI/AbdomenMRCT_0006__CT_to_MRI_mixed_fgr.npz,success,0.33018064498901367,nan,0.05818776391537302,0.7249677461678073,8.139552450031902,20.09975124224178,nan,nan,
AbdomenMRCT_CT_MRI,AbdomenMRCT_0006__CT_to_MRI_mixed,ants,/data/bianfeng/yixueOT/new_code_test/experiment_batches/processed/AbdomenMRCT_CT_MRI/AbdomenMRCT_0006__CT_to_MRI_mixed.npz,/data/bianfeng/yixueOT/new_code_test/compare_results/ants/AbdomenMRCT_CT_MRI/AbdomenMRCT_0006__CT_to_MRI_mixed_ants.npz,success,3.0607118606567383,nan,0.1045564445994242,0.3630403449023584,19.667971447782683,47.70744176750625,nan,nan,
AbdomenMRCT_CT_MRI,AbdomenMRCT_0007__CT_to_MRI_mixed,modified,/data/bianfeng/yixueOT/new_code_test/experiment_batches/processed/AbdomenMRCT_CT_MRI/AbdomenMRCT_0007__CT_to_MRI_mixed.npz,/data/bianfeng/yixueOT/new_code_test/registration_results/modified/data/AbdomenMRCT_0007_CT_to_MRI_mixed_result.mat,success,0.636527,nan,0.07476982778324318,0.6140128952051771,9.820394893486814,24.819347291981714,nan,nan,
AbdomenMRCT_CT_MRI,AbdomenMRCT_0007__CT_to_MRI_mixed,modified_full,/data/bianfeng/yixueOT/new_code_test/experiment_batches/processed/AbdomenMRCT_CT_MRI/AbdomenMRCT_0007__CT_to_MRI_mixed.npz,/data/bianfeng/yixueOT/new_code_test/registration_results/modified_full/data/AbdomenMRCT_0007_CT_to_MRI_mixed_result.mat,success,1.913099,nan,0.0692329330753568,0.6232129636594703,9.636062456196319,25.37715508089904,nan,nan,
AbdomenMRCT_CT_MRI,AbdomenMRCT_0007__CT_to_MRI_mixed,random_baseline,/data/bianfeng/yixueOT/new_code_test/experiment_batches/processed/AbdomenMRCT_CT_MRI/AbdomenMRCT_0007__CT_to_MRI_mixed.npz,/data/bianfeng/yixueOT/new_code_test/registration_results/random_baseline/data/AbdomenMRCT_0007_CT_to_MRI_mixed_result.mat,success,0.469205,nan,0.0721575534327748,0.6143926706338365,9.739399364380215,24.413111231467404,nan,nan,
AbdomenMRCT_CT_MRI,AbdomenMRCT_0007__CT_to_MRI_mixed,icp,/data/bianfeng/yixueOT/new_code_test/experiment_batches/processed/AbdomenMRCT_CT_MRI/AbdomenMRCT_0007__CT_to_MRI_mixed.npz,/data/bianfeng/yixueOT/new_code_test/compare_results/icp/AbdomenMRCT_CT_MRI/AbdomenMRCT_0007__CT_to_MRI_mixed_icp.npz,success,2.706794261932373,nan,0.07320323146236757,0.6358903502173517,9.672657182288276,26.832815729997478,nan,nan,
AbdomenMRCT_CT_MRI,AbdomenMRCT_0007__CT_to_MRI_mixed,fgr,/data/bianfeng/yixueOT/new_code_test/experiment_batches/processed/AbdomenMRCT_CT_MRI/AbdomenMRCT_0007__CT_to_MRI_mixed.npz,/data/bianfeng/yixueOT/new_code_test/compare_results/fgr/AbdomenMRCT_CT_MRI/AbdomenMRCT_0007__CT_to_MRI_mixed_fgr.npz,success,0.42994213104248047,nan,0.03755780143926917,0.5879467802527978,10.889059715596057,32.37282811247729,nan,nan,
AbdomenMRCT_CT_MRI,AbdomenMRCT_0007__CT_to_MRI_mixed,ants,/data/bianfeng/yixueOT/new_code_test/experiment_batches/processed/AbdomenMRCT_CT_MRI/AbdomenMRCT_0007__CT_to_MRI_mixed.npz,/data/bianfeng/yixueOT/new_code_test/compare_results/ants/AbdomenMRCT_CT_MRI/AbdomenMRCT_0007__CT_to_MRI_mixed_ants.npz,success,3.283626079559326,nan,0.12301918071074795,0.44166214680765986,17.106616520619788,44.58699361921591,nan,nan,
AbdomenMRCT_CT_MRI,AbdomenMRCT_0008__CT_to_MRI_mixed,modified,/data/bianfeng/yixueOT/new_code_test/experiment_batches/processed/AbdomenMRCT_CT_MRI/AbdomenMRCT_0008__CT_to_MRI_mixed.npz,/data/bianfeng/yixueOT/new_code_test/registration_results/modified/data/AbdomenMRCT_0008_CT_to_MRI_mixed_result.mat,success,0.675018,nan,0.14913712783018615,0.7943973404118239,5.321194815795984,14.142135623730951,nan,nan,
AbdomenMRCT_CT_MRI,AbdomenMRCT_0008__CT_to_MRI_mixed,modified_full,/data/bianfeng/yixueOT/new_code_test/experiment_batches/processed/AbdomenMRCT_CT_MRI/AbdomenMRCT_0008__CT_to_MRI_mixed.npz,/data/bianfeng/yixueOT/new_code_test/registration_results/modified_full/data/AbdomenMRCT_0008_CT_to_MRI_mixed_result.mat,success,2.138312,nan,0.14032987347558643,0.8022999845391564,5.131724890307586,13.564659966250536,nan,nan,
AbdomenMRCT_CT_MRI,AbdomenMRCT_0008__CT_to_MRI_mixed,random_baseline,/data/bianfeng/yixueOT/new_code_test/experiment_batches/processed/AbdomenMRCT_CT_MRI/AbdomenMRCT_0008__CT_to_MRI_mixed.npz,/data/bianfeng/yixueOT/new_code_test/registration_results/random_baseline/data/AbdomenMRCT_0008_CT_to_MRI_mixed_result.mat,success,0.477365,nan,0.12899281378851785,0.7997423225937071,5.182938344003995,14.142135623730951,nan,nan,
AbdomenMRCT_CT_MRI,AbdomenMRCT_0008__CT_to_MRI_mixed,icp,/data/bianfeng/yixueOT/new_code_test/experiment_batches/processed/AbdomenMRCT_CT_MRI/AbdomenMRCT_0008__CT_to_MRI_mixed.npz,/data/bianfeng/yixueOT/new_code_test/compare_results/icp/AbdomenMRCT_CT_MRI/AbdomenMRCT_0008__CT_to_MRI_mixed_icp.npz,success,1.616164207458496,nan,0.14797931559006294,0.8074527301643399,5.008525273937343,12.806248474865697,nan,nan,
AbdomenMRCT_CT_MRI,AbdomenMRCT_0008__CT_to_MRI_mixed,fgr,/data/bianfeng/yixueOT/new_code_test/experiment_batches/processed/AbdomenMRCT_CT_MRI/AbdomenMRCT_0008__CT_to_MRI_mixed.npz,/data/bianfeng/yixueOT/new_code_test/compare_results/fgr/AbdomenMRCT_CT_MRI/AbdomenMRCT_0008__CT_to_MRI_mixed_fgr.npz,success,0.3794558048248291,nan,0.14271146359570877,0.7898817860738363,5.440572601377276,14.142135623730951,nan,nan,
AbdomenMRCT_CT_MRI,AbdomenMRCT_0008__CT_to_MRI_mixed,ants,/data/bianfeng/yixueOT/new_code_test/experiment_batches/processed/AbdomenMRCT_CT_MRI/AbdomenMRCT_0008__CT_to_MRI_mixed.npz,/data/bianfeng/yixueOT/new_code_test/compare_results/ants/AbdomenMRCT_CT_MRI/AbdomenMRCT_0008__CT_to_MRI_mixed_ants.npz,success,3.7193994522094727,nan,0.13492718458900665,0.5762550874460882,11.532195617603662,26.153393661244042,nan,nan,
LungCT_CT_CT_TRE,LungCT_0001__CT_to_CT_mixed,modified,/data/bianfeng/yixueOT/new_code_test/experiment_batches/processed/LungCT_CT_CT_TRE/LungCT_0001__CT_to_CT_mixed.npz,/data/bianfeng/yixueOT/new_code_test/registration_results/modified/data/LungCT_0001_CT_to_CT_mixed_result.mat,success,0.781624,nan,nan,nan,11.68369960241924,29.776248924268483,22.57337223843489,16.33333031745416,
LungCT_CT_CT_TRE,LungCT_0001__CT_to_CT_mixed,modified_full,/data/bianfeng/yixueOT/new_code_test/experiment_batches/processed/LungCT_CT_CT_TRE/LungCT_0001__CT_to_CT_mixed.npz,/data/bianfeng/yixueOT/new_code_test/registration_results/modified_full/data/LungCT_0001_CT_to_CT_mixed_result.mat,success,2.285877,nan,nan,nan,11.645098898284303,29.801426140371202,22.21106955052303,16.23966877944106,
LungCT_CT_CT_TRE,LungCT_0001__CT_to_CT_mixed,random_baseline,/data/bianfeng/yixueOT/new_code_test/experiment_batches/processed/LungCT_CT_CT_TRE/LungCT_0001__CT_to_CT_mixed.npz,/data/bianfeng/yixueOT/new_code_test/registration_results/random_baseline/data/LungCT_0001_CT_to_CT_mixed_result.mat,success,0.845057,nan,nan,nan,11.60892564992027,30.849432733844555,25.072338964866336,17.29401748487043,
LungCT_CT_CT_TRE,LungCT_0001__CT_to_CT_mixed,icp,/data/bianfeng/yixueOT/new_code_test/experiment_batches/processed/LungCT_CT_CT_TRE/LungCT_0001__CT_to_CT_mixed.npz,/data/bianfeng/yixueOT/new_code_test/compare_results/icp/LungCT_CT_CT_TRE/LungCT_0001__CT_to_CT_mixed_icp.npz,success,2.1410727500915527,nan,nan,nan,14.350274579542884,56.027337077537425,37.22080004201605,27.1966147962693,
LungCT_CT_CT_TRE,LungCT_0001__CT_to_CT_mixed,fgr,/data/bianfeng/yixueOT/new_code_test/experiment_batches/processed/LungCT_CT_CT_TRE/LungCT_0001__CT_to_CT_mixed.npz,/data/bianfeng/yixueOT/new_code_test/compare_results/fgr/LungCT_CT_CT_TRE/LungCT_0001__CT_to_CT_mixed_fgr.npz,success,0.47540903091430664,nan,nan,nan,12.145405872960989,33.9788537181583,24.6526179571684,15.257991044515718,
LungCT_CT_CT_TRE,LungCT_0001__CT_to_CT_mixed,ants,/data/bianfeng/yixueOT/new_code_test/experiment_batches/processed/LungCT_CT_CT_TRE/LungCT_0001__CT_to_CT_mixed.npz,/data/bianfeng/yixueOT/new_code_test/compare_results/ants/LungCT_CT_CT_TRE/LungCT_0001__CT_to_CT_mixed_ants.npz,success,7.421860218048096,nan,nan,nan,13.520702385019915,36.559882384931164,35.22700818879813,25.40128758490128,
LungCT_CT_CT_TRE,LungCT_0002__CT_to_CT_mixed,modified,/data/bianfeng/yixueOT/new_code_test/experiment_batches/processed/LungCT_CT_CT_TRE/LungCT_0002__CT_to_CT_mixed.npz,/data/bianfeng/yixueOT/new_code_test/registration_results/modified/data/LungCT_0002_CT_to_CT_mixed_result.mat,success,0.646864,nan,nan,nan,6.782333520872853,20.30240133580262,27.219388309161683,16.037196590579242,
LungCT_CT_CT_TRE,LungCT_0002__CT_to_CT_mixed,modified_full,/data/bianfeng/yixueOT/new_code_test/experiment_batches/processed/LungCT_CT_CT_TRE/LungCT_0002__CT_to_CT_mixed.npz,/data/bianfeng/yixueOT/new_code_test/registration_results/modified_full/data/LungCT_0002_CT_to_CT_mixed_result.mat,success,2.123808,nan,nan,nan,6.47775258623025,19.857303442310588,25.572740567008218,15.372445607445322,
LungCT_CT_CT_TRE,LungCT_0002__CT_to_CT_mixed,random_baseline,/data/bianfeng/yixueOT/new_code_test/experiment_batches/processed/LungCT_CT_CT_TRE/LungCT_0002__CT_to_CT_mixed.npz,/data/bianfeng/yixueOT/new_code_test/registration_results/random_baseline/data/LungCT_0002_CT_to_CT_mixed_result.mat,success,0.572602,nan,nan,nan,6.615975934011126,19.119688804998894,25.42581786084766,16.98965376095341,
LungCT_CT_CT_TRE,LungCT_0002__CT_to_CT_mixed,icp,/data/bianfeng/yixueOT/new_code_test/experiment_batches/processed/LungCT_CT_CT_TRE/LungCT_0002__CT_to_CT_mixed.npz,/data/bianfeng/yixueOT/new_code_test/compare_results/icp/LungCT_CT_CT_TRE/LungCT_0002__CT_to_CT_mixed_icp.npz,success,1.2312400341033936,nan,nan,nan,5.875504496592561,17.97220075561143,22.747071229677168,14.784265433586183,
LungCT_CT_CT_TRE,LungCT_0002__CT_to_CT_mixed,fgr,/data/bianfeng/yixueOT/new_code_test/experiment_batches/processed/LungCT_CT_CT_TRE/LungCT_0002__CT_to_CT_mixed.npz,/data/bianfeng/yixueOT/new_code_test/compare_results/fgr/LungCT_CT_CT_TRE/LungCT_0002__CT_to_CT_mixed_fgr.npz,success,0.5345451831817627,nan,nan,nan,6.64397063730777,20.8236644229588,26.652706546265428,13.81575296165714,
LungCT_CT_CT_TRE,LungCT_0002__CT_to_CT_mixed,ants,/data/bianfeng/yixueOT/new_code_test/experiment_batches/processed/LungCT_CT_CT_TRE/LungCT_0002__CT_to_CT_mixed.npz,/data/bianfeng/yixueOT/new_code_test/compare_results/ants/LungCT_CT_CT_TRE/LungCT_0002__CT_to_CT_mixed_ants.npz,success,6.972819805145264,nan,nan,nan,6.293386474358599,21.21762239271875,25.55066561328456,16.449171556487837,
LungCT_CT_CT_TRE,LungCT_0003__CT_to_CT_mixed,modified,/data/bianfeng/yixueOT/new_code_test/experiment_batches/processed/LungCT_CT_CT_TRE/LungCT_0003__CT_to_CT_mixed.npz,/data/bianfeng/yixueOT/new_code_test/registration_results/modified/data/LungCT_0003_CT_to_CT_mixed_result.mat,success,0.670836,nan,nan,nan,8.856338167841603,26.600046992439694,31.22535045553195,20.933428229276487,
LungCT_CT_CT_TRE,LungCT_0003__CT_to_CT_mixed,modified_full,/data/bianfeng/yixueOT/new_code_test/experiment_batches/processed/LungCT_CT_CT_TRE/LungCT_0003__CT_to_CT_mixed.npz,/data/bianfeng/yixueOT/new_code_test/registration_results/modified_full/data/LungCT_0003_CT_to_CT_mixed_result.mat,success,2.115218,nan,nan,nan,8.511940429042784,26.721947908039937,29.442678941807525,19.44874635211635,
LungCT_CT_CT_TRE,LungCT_0003__CT_to_CT_mixed,random_baseline,/data/bianfeng/yixueOT/new_code_test/experiment_batches/processed/LungCT_CT_CT_TRE/LungCT_0003__CT_to_CT_mixed.npz,/data/bianfeng/yixueOT/new_code_test/registration_results/random_baseline/data/LungCT_0003_CT_to_CT_mixed_result.mat,success,0.754976,nan,nan,nan,8.319797199880885,29.776248924268483,28.001055954967402,15.672624244270116,
LungCT_CT_CT_TRE,LungCT_0003__CT_to_CT_mixed,icp,/data/bianfeng/yixueOT/new_code_test/experiment_batches/processed/LungCT_CT_CT_TRE/LungCT_0003__CT_to_CT_mixed.npz,/data/bianfeng/yixueOT/new_code_test/compare_results/icp/LungCT_CT_CT_TRE/LungCT_0003__CT_to_CT_mixed_icp.npz,success,1.8617823123931885,nan,nan,nan,7.894543386503402,40.87232385903753,17.779264388204634,8.750653335121381,
LungCT_CT_CT_TRE,LungCT_0003__CT_to_CT_mixed,fgr,/data/bianfeng/yixueOT/new_code_test/experiment_batches/processed/LungCT_CT_CT_TRE/LungCT_0003__CT_to_CT_mixed.npz,/data/bianfeng/yixueOT/new_code_test/compare_results/fgr/LungCT_CT_CT_TRE/LungCT_0003__CT_to_CT_mixed_fgr.npz,success,0.43222713470458984,nan,nan,nan,8.723102150718349,41.27802078588556,19.9556666600649,11.845910272664076,
LungCT_CT_CT_TRE,LungCT_0003__CT_to_CT_mixed,ants,/data/bianfeng/yixueOT/new_code_test/experiment_batches/processed/LungCT_CT_CT_TRE/LungCT_0003__CT_to_CT_mixed.npz,/data/bianfeng/yixueOT/new_code_test/compare_results/ants/LungCT_CT_CT_TRE/LungCT_0003__CT_to_CT_mixed_ants.npz,success,5.917257308959961,nan,nan,nan,8.227934353851762,42.07946279055612,15.806898112724456,8.505813278179453,
RIRE_CT_MRI,patient_001_RIREPD__CT_to_MRI_mixed,modified,/data/bianfeng/yixueOT/new_code_test/experiment_batches/processed/RIRE_CT_MRI/patient_001_RIREPD__CT_to_MRI_mixed.npz,/data/bianfeng/yixueOT/new_code_test/registration_results/modified/data/patient_001_RIREPD_CT_to_MRI_mixed_result.mat,success,0.876234,4.2716172056760735,nan,nan,nan,nan,nan,nan,
RIRE_CT_MRI,patient_001_RIREPD__CT_to_MRI_mixed,modified_full,/data/bianfeng/yixueOT/new_code_test/experiment_batches/processed/RIRE_CT_MRI/patient_001_RIREPD__CT_to_MRI_mixed.npz,/data/bianfeng/yixueOT/new_code_test/registration_results/modified_full/data/patient_001_RIREPD_CT_to_MRI_mixed_result.mat,success,2.151423,3.921897632591488,nan,nan,nan,nan,nan,nan,
RIRE_CT_MRI,patient_001_RIREPD__CT_to_MRI_mixed,random_baseline,/data/bianfeng/yixueOT/new_code_test/experiment_batches/processed/RIRE_CT_MRI/patient_001_RIREPD__CT_to_MRI_mixed.npz,/data/bianfeng/yixueOT/new_code_test/registration_results/random_baseline/data/patient_001_RIREPD_CT_to_MRI_mixed_result.mat,success,0.751865,3.888470082299085,nan,nan,nan,nan,nan,nan,
RIRE_CT_MRI,patient_001_RIREPD__CT_to_MRI_mixed,icp,/data/bianfeng/yixueOT/new_code_test/experiment_batches/processed/RIRE_CT_MRI/patient_001_RIREPD__CT_to_MRI_mixed.npz,/data/bianfeng/yixueOT/new_code_test/compare_results/icp/RIRE_CT_MRI/patient_001_RIREPD__CT_to_MRI_mixed_icp.npz,success,2.0316388607025146,3.8338506711271547,nan,nan,nan,nan,nan,nan,
RIRE_CT_MRI,patient_001_RIREPD__CT_to_MRI_mixed,fgr,/data/bianfeng/yixueOT/new_code_test/experiment_batches/processed/RIRE_CT_MRI/patient_001_RIREPD__CT_to_MRI_mixed.npz,/data/bianfeng/yixueOT/new_code_test/compare_results/fgr/RIRE_CT_MRI/patient_001_RIREPD__CT_to_MRI_mixed_fgr.npz,success,0.6306943893432617,5.555766751428691,nan,nan,nan,nan,nan,nan,
RIRE_CT_MRI,patient_001_RIREPD__CT_to_MRI_mixed,ants,/data/bianfeng/yixueOT/new_code_test/experiment_batches/processed/RIRE_CT_MRI/patient_001_RIREPD__CT_to_MRI_mixed.npz,/data/bianfeng/yixueOT/new_code_test/compare_results/ants/RIRE_CT_MRI/patient_001_RIREPD__CT_to_MRI_mixed_ants.npz,success,2.1960713863372803,15.104287145893318,nan,nan,nan,nan,nan,nan,
RIRE_CT_MRI,patient_001_RIRET1__CT_to_MRI_mixed,modified,/data/bianfeng/yixueOT/new_code_test/experiment_batches/processed/RIRE_CT_MRI/patient_001_RIRET1__CT_to_MRI_mixed.npz,/data/bianfeng/yixueOT/new_code_test/registration_results/modified/data/patient_001_RIRET1_CT_to_MRI_mixed_result.mat,success,0.694214,4.346082560675272,nan,nan,nan,nan,nan,nan,
RIRE_CT_MRI,patient_001_RIRET1__CT_to_MRI_mixed,modified_full,/data/bianfeng/yixueOT/new_code_test/experiment_batches/processed/RIRE_CT_MRI/patient_001_RIRET1__CT_to_MRI_mixed.npz,/data/bianfeng/yixueOT/new_code_test/registration_results/modified_full/data/patient_001_RIRET1_CT_to_MRI_mixed_result.mat,success,2.380418,3.93962781697364,nan,nan,nan,nan,nan,nan,
RIRE_CT_MRI,patient_001_RIRET1__CT_to_MRI_mixed,random_baseline,/data/bianfeng/yixueOT/new_code_test/experiment_batches/processed/RIRE_CT_MRI/patient_001_RIRET1__CT_to_MRI_mixed.npz,/data/bianfeng/yixueOT/new_code_test/registration_results/random_baseline/data/patient_001_RIRET1_CT_to_MRI_mixed_result.mat,success,1.008633,3.966073090560126,nan,nan,nan,nan,nan,nan,
RIRE_CT_MRI,patient_001_RIRET1__CT_to_MRI_mixed,icp,/data/bianfeng/yixueOT/new_code_test/experiment_batches/processed/RIRE_CT_MRI/patient_001_RIRET1__CT_to_MRI_mixed.npz,/data/bianfeng/yixueOT/new_code_test/compare_results/icp/RIRE_CT_MRI/patient_001_RIRET1__CT_to_MRI_mixed_icp.npz,success,2.073230743408203,3.814835287325603,nan,nan,nan,nan,nan,nan,
RIRE_CT_MRI,patient_001_RIRET1__CT_to_MRI_mixed,fgr,/data/bianfeng/yixueOT/new_code_test/experiment_batches/processed/RIRE_CT_MRI/patient_001_RIRET1__CT_to_MRI_mixed.npz,/data/bianfeng/yixueOT/new_code_test/compare_results/fgr/RIRE_CT_MRI/patient_001_RIRET1__CT_to_MRI_mixed_fgr.npz,success,0.5514838695526123,5.374592705705898,nan,nan,nan,nan,nan,nan,
RIRE_CT_MRI,patient_001_RIRET1__CT_to_MRI_mixed,ants,/data/bianfeng/yixueOT/new_code_test/experiment_batches/processed/RIRE_CT_MRI/patient_001_RIRET1__CT_to_MRI_mixed.npz,/data/bianfeng/yixueOT/new_code_test/compare_results/ants/RIRE_CT_MRI/patient_001_RIRET1__CT_to_MRI_mixed_ants.npz,success,1.897392749786377,15.28884578084759,nan,nan,nan,nan,nan,nan,
RIRE_CT_MRI,patient_001_RIRET2__CT_to_MRI_mixed,modified,/data/bianfeng/yixueOT/new_code_test/experiment_batches/processed/RIRE_CT_MRI/patient_001_RIRET2__CT_to_MRI_mixed.npz,/data/bianfeng/yixueOT/new_code_test/registration_results/modified/data/patient_001_RIRET2_CT_to_MRI_mixed_result.mat,success,0.934528,6.184193605569046,nan,nan,nan,nan,nan,nan,
RIRE_CT_MRI,patient_001_RIRET2__CT_to_MRI_mixed,modified_full,/data/bianfeng/yixueOT/new_code_test/experiment_batches/processed/RIRE_CT_MRI/patient_001_RIRET2__CT_to_MRI_mixed.npz,/data/bianfeng/yixueOT/new_code_test/registration_results/modified_full/data/patient_001_RIRET2_CT_to_MRI_mixed_result.mat,success,2.8873,5.834452538804206,nan,nan,nan,nan,nan,nan,
RIRE_CT_MRI,patient_001_RIRET2__CT_to_MRI_mixed,random_baseline,/data/bianfeng/yixueOT/new_code_test/experiment_batches/processed/RIRE_CT_MRI/patient_001_RIRET2__CT_to_MRI_mixed.npz,/data/bianfeng/yixueOT/new_code_test/registration_results/random_baseline/data/patient_001_RIRET2_CT_to_MRI_mixed_result.mat,success,1.157503,5.740116277027385,nan,nan,nan,nan,nan,nan,
RIRE_CT_MRI,patient_001_RIRET2__CT_to_MRI_mixed,icp,/data/bianfeng/yixueOT/new_code_test/experiment_batches/processed/RIRE_CT_MRI/patient_001_RIRET2__CT_to_MRI_mixed.npz,/data/bianfeng/yixueOT/new_code_test/compare_results/icp/RIRE_CT_MRI/patient_001_RIRET2__CT_to_MRI_mixed_icp.npz,success,2.1248741149902344,5.662611673660139,nan,nan,nan,nan,nan,nan,
RIRE_CT_MRI,patient_001_RIRET2__CT_to_MRI_mixed,fgr,/data/bianfeng/yixueOT/new_code_test/experiment_batches/processed/RIRE_CT_MRI/patient_001_RIRET2__CT_to_MRI_mixed.npz,/data/bianfeng/yixueOT/new_code_test/compare_results/fgr/RIRE_CT_MRI/patient_001_RIRET2__CT_to_MRI_mixed_fgr.npz,success,0.5774235725402832,6.027833046991382,nan,nan,nan,nan,nan,nan,
RIRE_CT_MRI,patient_001_RIRET2__CT_to_MRI_mixed,ants,/data/bianfeng/yixueOT/new_code_test/experiment_batches/processed/RIRE_CT_MRI/patient_001_RIRET2__CT_to_MRI_mixed.npz,/data/bianfeng/yixueOT/new_code_test/compare_results/ants/RIRE_CT_MRI/patient_001_RIRET2__CT_to_MRI_mixed_ants.npz,success,2.4164764881134033,15.932452106927125,nan,nan,nan,nan,nan,nan,
RIRE_CT_MRI,patient_002_RIREPD__CT_to_MRI_mixed,modified,/data/bianfeng/yixueOT/new_code_test/experiment_batches/processed/RIRE_CT_MRI/patient_002_RIREPD__CT_to_MRI_mixed.npz,/data/bianfeng/yixueOT/new_code_test/registration_results/modified/data/patient_002_RIREPD_CT_to_MRI_mixed_result.mat,success,0.708789,6.011786737420766,nan,nan,nan,nan,nan,nan,
RIRE_CT_MRI,patient_002_RIREPD__CT_to_MRI_mixed,modified_full,/data/bianfeng/yixueOT/new_code_test/experiment_batches/processed/RIRE_CT_MRI/patient_002_RIREPD__CT_to_MRI_mixed.npz,/data/bianfeng/yixueOT/new_code_test/registration_results/modified_full/data/patient_002_RIREPD_CT_to_MRI_mixed_result.mat,success,2.6221,6.031185132747466,nan,nan,nan,nan,nan,nan,
RIRE_CT_MRI,patient_002_RIREPD__CT_to_MRI_mixed,random_baseline,/data/bianfeng/yixueOT/new_code_test/experiment_batches/processed/RIRE_CT_MRI/patient_002_RIREPD__CT_to_MRI_mixed.npz,/data/bianfeng/yixueOT/new_code_test/registration_results/random_baseline/data/patient_002_RIREPD_CT_to_MRI_mixed_result.mat,success,0.783508,6.149293010857238,nan,nan,nan,nan,nan,nan,
RIRE_CT_MRI,patient_002_RIREPD__CT_to_MRI_mixed,icp,/data/bianfeng/yixueOT/new_code_test/experiment_batches/processed/RIRE_CT_MRI/patient_002_RIREPD__CT_to_MRI_mixed.npz,/data/bianfeng/yixueOT/new_code_test/compare_results/icp/RIRE_CT_MRI/patient_002_RIREPD__CT_to_MRI_mixed_icp.npz,success,2.1781349182128906,5.867648053967827,nan,nan,nan,nan,nan,nan,
RIRE_CT_MRI,patient_002_RIREPD__CT_to_MRI_mixed,fgr,/data/bianfeng/yixueOT/new_code_test/experiment_batches/processed/RIRE_CT_MRI/patient_002_RIREPD__CT_to_MRI_mixed.npz,/data/bianfeng/yixueOT/new_code_test/compare_results/fgr/RIRE_CT_MRI/patient_002_RIREPD__CT_to_MRI_mixed_fgr.npz,success,0.6122148036956787,8.813148734388301,nan,nan,nan,nan,nan,nan,
RIRE_CT_MRI,patient_002_RIREPD__CT_to_MRI_mixed,ants,/data/bianfeng/yixueOT/new_code_test/experiment_batches/processed/RIRE_CT_MRI/patient_002_RIREPD__CT_to_MRI_mixed.npz,/data/bianfeng/yixueOT/new_code_test/compare_results/ants/RIRE_CT_MRI/patient_002_RIREPD__CT_to_MRI_mixed_ants.npz,success,1.8774583339691162,28.935877830565488,nan,nan,nan,nan,nan,nan,
RIRE_CT_MRI,patient_002_RIRET1__CT_to_MRI_mixed,modified,/data/bianfeng/yixueOT/new_code_test/experiment_batches/processed/RIRE_CT_MRI/patient_002_RIRET1__CT_to_MRI_mixed.npz,/data/bianfeng/yixueOT/new_code_test/registration_results/modified/data/patient_002_RIRET1_CT_to_MRI_mixed_result.mat,success,0.735973,6.329112822432414,nan,nan,nan,nan,nan,nan,
RIRE_CT_MRI,patient_002_RIRET1__CT_to_MRI_mixed,modified_full,/data/bianfeng/yixueOT/new_code_test/experiment_batches/processed/RIRE_CT_MRI/patient_002_RIRET1__CT_to_MRI_mixed.npz,/data/bianfeng/yixueOT/new_code_test/registration_results/modified_full/data/patient_002_RIRET1_CT_to_MRI_mixed_result.mat,success,2.304414,6.5813552799113,nan,nan,nan,nan,nan,nan,
RIRE_CT_MRI,patient_002_RIRET1__CT_to_MRI_mixed,random_baseline,/data/bianfeng/yixueOT/new_code_test/experiment_batches/processed/RIRE_CT_MRI/patient_002_RIRET1__CT_to_MRI_mixed.npz,/data/bianfeng/yixueOT/new_code_test/registration_results/random_baseline/data/patient_002_RIRET1_CT_to_MRI_mixed_result.mat,success,1.099595,8.047885181241345,nan,nan,nan,nan,nan,nan,
RIRE_CT_MRI,patient_002_RIRET1__CT_to_MRI_mixed,icp,/data/bianfeng/yixueOT/new_code_test/experiment_batches/processed/RIRE_CT_MRI/patient_002_RIRET1__CT_to_MRI_mixed.npz,/data/bianfeng/yixueOT/new_code_test/compare_results/icp/RIRE_CT_MRI/patient_002_RIRET1__CT_to_MRI_mixed_icp.npz,success,2.0985443592071533,6.112458907209192,nan,nan,nan,nan,nan,nan,
RIRE_CT_MRI,patient_002_RIRET1__CT_to_MRI_mixed,fgr,/data/bianfeng/yixueOT/new_code_test/experiment_batches/processed/RIRE_CT_MRI/patient_002_RIRET1__CT_to_MRI_mixed.npz,/data/bianfeng/yixueOT/new_code_test/compare_results/fgr/RIRE_CT_MRI/patient_002_RIRET1__CT_to_MRI_mixed_fgr.npz,success,0.618337869644165,8.13093331254039,nan,nan,nan,nan,nan,nan,
RIRE_CT_MRI,patient_002_RIRET1__CT_to_MRI_mixed,ants,/data/bianfeng/yixueOT/new_code_test/experiment_batches/processed/RIRE_CT_MRI/patient_002_RIRET1__CT_to_MRI_mixed.npz,/data/bianfeng/yixueOT/new_code_test/compare_results/ants/RIRE_CT_MRI/patient_002_RIRET1__CT_to_MRI_mixed_ants.npz,success,1.9513907432556152,26.534186992153693,nan,nan,nan,nan,nan,nan,
RIRE_CT_MRI,patient_002_RIRET2__CT_to_MRI_mixed,modified,/data/bianfeng/yixueOT/new_code_test/experiment_batches/processed/RIRE_CT_MRI/patient_002_RIRET2__CT_to_MRI_mixed.npz,/data/bianfeng/yixueOT/new_code_test/registration_results/modified/data/patient_002_RIRET2_CT_to_MRI_mixed_result.mat,success,0.926568,10.826926690571598,nan,nan,nan,nan,nan,nan,
RIRE_CT_MRI,patient_002_RIRET2__CT_to_MRI_mixed,modified_full,/data/bianfeng/yixueOT/new_code_test/experiment_batches/processed/RIRE_CT_MRI/patient_002_RIRET2__CT_to_MRI_mixed.npz,/data/bianfeng/yixueOT/new_code_test/registration_results/modified_full/data/patient_002_RIRET2_CT_to_MRI_mixed_result.mat,success,2.658099,11.271570266481662,nan,nan,nan,nan,nan,nan,
RIRE_CT_MRI,patient_002_RIRET2__CT_to_MRI_mixed,random_baseline,/data/bianfeng/yixueOT/new_code_test/experiment_batches/processed/RIRE_CT_MRI/patient_002_RIRET2__CT_to_MRI_mixed.npz,/data/bianfeng/yixueOT/new_code_test/registration_results/random_baseline/data/patient_002_RIRET2_CT_to_MRI_mixed_result.mat,success,1.259599,11.304648823539253,nan,nan,nan,nan,nan,nan,
RIRE_CT_MRI,patient_002_RIRET2__CT_to_MRI_mixed,icp,/data/bianfeng/yixueOT/new_code_test/experiment_batches/processed/RIRE_CT_MRI/patient_002_RIRET2__CT_to_MRI_mixed.npz,/data/bianfeng/yixueOT/new_code_test/compare_results/icp/RIRE_CT_MRI/patient_002_RIRET2__CT_to_MRI_mixed_icp.npz,success,2.809321403503418,11.836780902098594,nan,nan,nan,nan,nan,nan,
RIRE_CT_MRI,patient_002_RIRET2__CT_to_MRI_mixed,fgr,/data/bianfeng/yixueOT/new_code_test/experiment_batches/processed/RIRE_CT_MRI/patient_002_RIRET2__CT_to_MRI_mixed.npz,/data/bianfeng/yixueOT/new_code_test/compare_results/fgr/RIRE_CT_MRI/patient_002_RIRET2__CT_to_MRI_mixed_fgr.npz,success,0.5422501564025879,15.309434543952344,nan,nan,nan,nan,nan,nan,
RIRE_CT_MRI,patient_002_RIRET2__CT_to_MRI_mixed,ants,/data/bianfeng/yixueOT/new_code_test/experiment_batches/processed/RIRE_CT_MRI/patient_002_RIRET2__CT_to_MRI_mixed.npz,/data/bianfeng/yixueOT/new_code_test/compare_results/ants/RIRE_CT_MRI/patient_002_RIRET2__CT_to_MRI_mixed_ants.npz,success,2.278010368347168,36.50376776270554,nan,nan,nan,nan,nan,nan,
RIRE_CT_MRI,patient_003_RIREPD__CT_to_MRI_mixed,modified,/data/bianfeng/yixueOT/new_code_test/experiment_batches/processed/RIRE_CT_MRI/patient_003_RIREPD__CT_to_MRI_mixed.npz,/data/bianfeng/yixueOT/new_code_test/registration_results/modified/data/patient_003_RIREPD_CT_to_MRI_mixed_result.mat,success,0.933383,20.403759681837453,nan,nan,nan,nan,nan,nan,
RIRE_CT_MRI,patient_003_RIREPD__CT_to_MRI_mixed,modified_full,/data/bianfeng/yixueOT/new_code_test/experiment_batches/processed/RIRE_CT_MRI/patient_003_RIREPD__CT_to_MRI_mixed.npz,/data/bianfeng/yixueOT/new_code_test/registration_results/modified_full/data/patient_003_RIREPD_CT_to_MRI_mixed_result.mat,success,2.679347,22.32484284754109,nan,nan,nan,nan,nan,nan,
RIRE_CT_MRI,patient_003_RIREPD__CT_to_MRI_mixed,random_baseline,/data/bianfeng/yixueOT/new_code_test/experiment_batches/processed/RIRE_CT_MRI/patient_003_RIREPD__CT_to_MRI_mixed.npz,/data/bianfeng/yixueOT/new_code_test/registration_results/random_baseline/data/patient_003_RIREPD_CT_to_MRI_mixed_result.mat,success,1.209379,22.32562769633511,nan,nan,nan,nan,nan,nan,
RIRE_CT_MRI,patient_003_RIREPD__CT_to_MRI_mixed,icp,/data/bianfeng/yixueOT/new_code_test/experiment_batches/processed/RIRE_CT_MRI/patient_003_RIREPD__CT_to_MRI_mixed.npz,/data/bianfeng/yixueOT/new_code_test/compare_results/icp/RIRE_CT_MRI/patient_003_RIREPD__CT_to_MRI_mixed_icp.npz,success,2.6130759716033936,20.348819595024022,nan,nan,nan,nan,nan,nan,
RIRE_CT_MRI,patient_003_RIREPD__CT_to_MRI_mixed,fgr,/data/bianfeng/yixueOT/new_code_test/experiment_batches/processed/RIRE_CT_MRI/patient_003_RIREPD__CT_to_MRI_mixed.npz,/data/bianfeng/yixueOT/new_code_test/compare_results/fgr/RIRE_CT_MRI/patient_003_RIREPD__CT_to_MRI_mixed_fgr.npz,success,0.5090112686157227,24.924633177186664,nan,nan,nan,nan,nan,nan,
RIRE_CT_MRI,patient_003_RIREPD__CT_to_MRI_mixed,ants,/data/bianfeng/yixueOT/new_code_test/experiment_batches/processed/RIRE_CT_MRI/patient_003_RIREPD__CT_to_MRI_mixed.npz,/data/bianfeng/yixueOT/new_code_test/compare_results/ants/RIRE_CT_MRI/patient_003_RIREPD__CT_to_MRI_mixed_ants.npz,success,2.121896743774414,72.20800086512789,nan,nan,nan,nan,nan,nan,
RIRE_CT_MRI,patient_003_RIRET1__CT_to_MRI_mixed,modified,/data/bianfeng/yixueOT/new_code_test/experiment_batches/processed/RIRE_CT_MRI/patient_003_RIRET1__CT_to_MRI_mixed.npz,/data/bianfeng/yixueOT/new_code_test/registration_results/modified/data/patient_003_RIRET1_CT_to_MRI_mixed_result.mat,success,0.629847,19.152513944608554,nan,nan,nan,nan,nan,nan,
RIRE_CT_MRI,patient_003_RIRET1__CT_to_MRI_mixed,modified_full,/data/bianfeng/yixueOT/new_code_test/experiment_batches/processed/RIRE_CT_MRI/patient_003_RIRET1__CT_to_MRI_mixed.npz,/data/bianfeng/yixueOT/new_code_test/registration_results/modified_full/data/patient_003_RIRET1_CT_to_MRI_mixed_result.mat,success,2.175253,21.412801184606007,nan,nan,nan,nan,nan,nan,
RIRE_CT_MRI,patient_003_RIRET1__CT_to_MRI_mixed,random_baseline,/data/bianfeng/yixueOT/new_code_test/experiment_batches/processed/RIRE_CT_MRI/patient_003_RIRET1__CT_to_MRI_mixed.npz,/data/bianfeng/yixueOT/new_code_test/registration_results/random_baseline/data/patient_003_RIRET1_CT_to_MRI_mixed_result.mat,success,1.322915,21.452271447202122,nan,nan,nan,nan,nan,nan,
RIRE_CT_MRI,patient_003_RIRET1__CT_to_MRI_mixed,icp,/data/bianfeng/yixueOT/new_code_test/experiment_batches/processed/RIRE_CT_MRI/patient_003_RIRET1__CT_to_MRI_mixed.npz,/data/bianfeng/yixueOT/new_code_test/compare_results/icp/RIRE_CT_MRI/patient_003_RIRET1__CT_to_MRI_mixed_icp.npz,success,1.5075197219848633,20.940406595746087,nan,nan,nan,nan,nan,nan,
RIRE_CT_MRI,patient_003_RIRET1__CT_to_MRI_mixed,fgr,/data/bianfeng/yixueOT/new_code_test/experiment_batches/processed/RIRE_CT_MRI/patient_003_RIRET1__CT_to_MRI_mixed.npz,/data/bianfeng/yixueOT/new_code_test/compare_results/fgr/RIRE_CT_MRI/patient_003_RIRET1__CT_to_MRI_mixed_fgr.npz,success,0.7212185859680176,28.905960337263824,nan,nan,nan,nan,nan,nan,
RIRE_CT_MRI,patient_003_RIRET1__CT_to_MRI_mixed,ants,/data/bianfeng/yixueOT/new_code_test/experiment_batches/processed/RIRE_CT_MRI/patient_003_RIRET1__CT_to_MRI_mixed.npz,/data/bianfeng/yixueOT/new_code_test/compare_results/ants/RIRE_CT_MRI/patient_003_RIRET1__CT_to_MRI_mixed_ants.npz,success,2.383467197418213,54.55573672169353,nan,nan,nan,nan,nan,nan,
RIRE_CT_MRI,patient_003_RIRET2__CT_to_MRI_mixed,modified,/data/bianfeng/yixueOT/new_code_test/experiment_batches/processed/RIRE_CT_MRI/patient_003_RIRET2__CT_to_MRI_mixed.npz,/data/bianfeng/yixueOT/new_code_test/registration_results/modified/data/patient_003_RIRET2_CT_to_MRI_mixed_result.mat,success,0.575993,19.422418687435023,nan,nan,nan,nan,nan,nan,
RIRE_CT_MRI,patient_003_RIRET2__CT_to_MRI_mixed,modified_full,/data/bianfeng/yixueOT/new_code_test/experiment_batches/processed/RIRE_CT_MRI/patient_003_RIRET2__CT_to_MRI_mixed.npz,/data/bianfeng/yixueOT/new_code_test/registration_results/modified_full/data/patient_003_RIRET2_CT_to_MRI_mixed_result.mat,success,2.335211,21.6378909801565,nan,nan,nan,nan,nan,nan,
RIRE_CT_MRI,patient_003_RIRET2__CT_to_MRI_mixed,random_baseline,/data/bianfeng/yixueOT/new_code_test/experiment_batches/processed/RIRE_CT_MRI/patient_003_RIRET2__CT_to_MRI_mixed.npz,/data/bianfeng/yixueOT/new_code_test/registration_results/random_baseline/data/patient_003_RIRET2_CT_to_MRI_mixed_result.mat,success,1.345602,21.69147848983364,nan,nan,nan,nan,nan,nan,
RIRE_CT_MRI,patient_003_RIRET2__CT_to_MRI_mixed,icp,/data/bianfeng/yixueOT/new_code_test/experiment_batches/processed/RIRE_CT_MRI/patient_003_RIRET2__CT_to_MRI_mixed.npz,/data/bianfeng/yixueOT/new_code_test/compare_results/icp/RIRE_CT_MRI/patient_003_RIRET2__CT_to_MRI_mixed_icp.npz,success,2.1611924171447754,21.287673501016293,nan,nan,nan,nan,nan,nan,
RIRE_CT_MRI,patient_003_RIRET2__CT_to_MRI_mixed,fgr,/data/bianfeng/yixueOT/new_code_test/experiment_batches/processed/RIRE_CT_MRI/patient_003_RIRET2__CT_to_MRI_mixed.npz,/data/bianfeng/yixueOT/new_code_test/compare_results/fgr/RIRE_CT_MRI/patient_003_RIRET2__CT_to_MRI_mixed_fgr.npz,success,0.6459851264953613,28.665969393932222,nan,nan,nan,nan,nan,nan,
RIRE_CT_MRI,patient_003_RIRET2__CT_to_MRI_mixed,ants,/data/bianfeng/yixueOT/new_code_test/experiment_batches/processed/RIRE_CT_MRI/patient_003_RIRET2__CT_to_MRI_mixed.npz,/data/bianfeng/yixueOT/new_code_test/compare_results/ants/RIRE_CT_MRI/patient_003_RIRET2__CT_to_MRI_mixed_ants.npz,success,2.7333405017852783,55.52016402349415,nan,nan,nan,nan,nan,nan,
RIRE_CT_MRI,patient_004_RIREPD__CT_to_MRI_mixed,modified,/data/bianfeng/yixueOT/new_code_test/experiment_batches/processed/RIRE_CT_MRI/patient_004_RIREPD__CT_to_MRI_mixed.npz,/data/bianfeng/yixueOT/new_code_test/registration_results/modified/data/patient_004_RIREPD_CT_to_MRI_mixed_result.mat,success,0.944001,11.81700206599757,nan,nan,nan,nan,nan,nan,
RIRE_CT_MRI,patient_004_RIREPD__CT_to_MRI_mixed,modified_full,/data/bianfeng/yixueOT/new_code_test/experiment_batches/processed/RIRE_CT_MRI/patient_004_RIREPD__CT_to_MRI_mixed.npz,/data/bianfeng/yixueOT/new_code_test/registration_results/modified_full/data/patient_004_RIREPD_CT_to_MRI_mixed_result.mat,success,2.418294,12.608480179544626,nan,nan,nan,nan,nan,nan,
RIRE_CT_MRI,patient_004_RIREPD__CT_to_MRI_mixed,random_baseline,/data/bianfeng/yixueOT/new_code_test/experiment_batches/processed/RIRE_CT_MRI/patient_004_RIREPD__CT_to_MRI_mixed.npz,/data/bianfeng/yixueOT/new_code_test/registration_results/random_baseline/data/patient_004_RIREPD_CT_to_MRI_mixed_result.mat,success,1.304796,12.729536723475448,nan,nan,nan,nan,nan,nan,
RIRE_CT_MRI,patient_004_RIREPD__CT_to_MRI_mixed,icp,/data/bianfeng/yixueOT/new_code_test/experiment_batches/processed/RIRE_CT_MRI/patient_004_RIREPD__CT_to_MRI_mixed.npz,/data/bianfeng/yixueOT/new_code_test/compare_results/icp/RIRE_CT_MRI/patient_004_RIREPD__CT_to_MRI_mixed_icp.npz,success,1.5183730125427246,11.721300731029146,nan,nan,nan,nan,nan,nan,
RIRE_CT_MRI,patient_004_RIREPD__CT_to_MRI_mixed,fgr,/data/bianfeng/yixueOT/new_code_test/experiment_batches/processed/RIRE_CT_MRI/patient_004_RIREPD__CT_to_MRI_mixed.npz,/data/bianfeng/yixueOT/new_code_test/compare_results/fgr/RIRE_CT_MRI/patient_004_RIREPD__CT_to_MRI_mixed_fgr.npz,success,0.49085354804992676,15.545648528527563,nan,nan,nan,nan,nan,nan,
RIRE_CT_MRI,patient_004_RIREPD__CT_to_MRI_mixed,ants,/data/bianfeng/yixueOT/new_code_test/experiment_batches/processed/RIRE_CT_MRI/patient_004_RIREPD__CT_to_MRI_mixed.npz,/data/bianfeng/yixueOT/new_code_test/compare_results/ants/RIRE_CT_MRI/patient_004_RIREPD__CT_to_MRI_mixed_ants.npz,success,1.5378901958465576,46.017705942226925,nan,nan,nan,nan,nan,nan,
RIRE_CT_MRI,patient_004_RIRET1__CT_to_MRI_mixed,modified,/data/bianfeng/yixueOT/new_code_test/experiment_batches/processed/RIRE_CT_MRI/patient_004_RIRET1__CT_to_MRI_mixed.npz,/data/bianfeng/yixueOT/new_code_test/registration_results/modified/data/patient_004_RIRET1_CT_to_MRI_mixed_result.mat,success,0.762238,11.777035156854318,nan,nan,nan,nan,nan,nan,
RIRE_CT_MRI,patient_004_RIRET1__CT_to_MRI_mixed,modified_full,/data/bianfeng/yixueOT/new_code_test/experiment_batches/processed/RIRE_CT_MRI/patient_004_RIRET1__CT_to_MRI_mixed.npz,/data/bianfeng/yixueOT/new_code_test/registration_results/modified_full/data/patient_004_RIRET1_CT_to_MRI_mixed_result.mat,success,2.458501,13.60159806122877,nan,nan,nan,nan,nan,nan,
RIRE_CT_MRI,patient_004_RIRET1__CT_to_MRI_mixed,random_baseline,/data/bianfeng/yixueOT/new_code_test/experiment_batches/processed/RIRE_CT_MRI/patient_004_RIRET1__CT_to_MRI_mixed.npz,/data/bianfeng/yixueOT/new_code_test/registration_results/random_baseline/data/patient_004_RIRET1_CT_to_MRI_mixed_result.mat,success,1.313451,12.581166975241224,nan,nan,nan,nan,nan,nan,
RIRE_CT_MRI,patient_004_RIRET1__CT_to_MRI_mixed,icp,/data/bianfeng/yixueOT/new_code_test/experiment_batches/processed/RIRE_CT_MRI/patient_004_RIRET1__CT_to_MRI_mixed.npz,/data/bianfeng/yixueOT/new_code_test/compare_results/icp/RIRE_CT_MRI/patient_004_RIRET1__CT_to_MRI_mixed_icp.npz,success,2.3657712936401367,11.678634384260105,nan,nan,nan,nan,nan,nan,
RIRE_CT_MRI,patient_004_RIRET1__CT_to_MRI_mixed,fgr,/data/bianfeng/yixueOT/new_code_test/experiment_batches/processed/RIRE_CT_MRI/patient_004_RIRET1__CT_to_MRI_mixed.npz,/data/bianfeng/yixueOT/new_code_test/compare_results/fgr/RIRE_CT_MRI/patient_004_RIRET1__CT_to_MRI_mixed_fgr.npz,success,0.4979546070098877,12.969862027747373,nan,nan,nan,nan,nan,nan,
RIRE_CT_MRI,patient_004_RIRET1__CT_to_MRI_mixed,ants,/data/bianfeng/yixueOT/new_code_test/experiment_batches/processed/RIRE_CT_MRI/patient_004_RIRET1__CT_to_MRI_mixed.npz,/data/bianfeng/yixueOT/new_code_test/compare_results/ants/RIRE_CT_MRI/patient_004_RIRET1__CT_to_MRI_mixed_ants.npz,success,1.912731647491455,44.26026841981603,nan,nan,nan,nan,nan,nan,
RIRE_CT_MRI,patient_004_RIRET2__CT_to_MRI_mixed,modified,/data/bianfeng/yixueOT/new_code_test/experiment_batches/processed/RIRE_CT_MRI/patient_004_RIRET2__CT_to_MRI_mixed.npz,/data/bianfeng/yixueOT/new_code_test/registration_results/modified/data/patient_004_RIRET2_CT_to_MRI_mixed_result.mat,success,0.76022,14.12832953496068,nan,nan,nan,nan,nan,nan,
RIRE_CT_MRI,patient_004_RIRET2__CT_to_MRI_mixed,modified_full,/data/bianfeng/yixueOT/new_code_test/experiment_batches/processed/RIRE_CT_MRI/patient_004_RIRET2__CT_to_MRI_mixed.npz,/data/bianfeng/yixueOT/new_code_test/registration_results/modified_full/data/patient_004_RIRET2_CT_to_MRI_mixed_result.mat,success,2.271216,14.688083436684808,nan,nan,nan,nan,nan,nan,
RIRE_CT_MRI,patient_004_RIRET2__CT_to_MRI_mixed,random_baseline,/data/bianfeng/yixueOT/new_code_test/experiment_batches/processed/RIRE_CT_MRI/patient_004_RIRET2__CT_to_MRI_mixed.npz,/data/bianfeng/yixueOT/new_code_test/registration_results/random_baseline/data/patient_004_RIRET2_CT_to_MRI_mixed_result.mat,success,1.033917,15.11261805986042,nan,nan,nan,nan,nan,nan,
RIRE_CT_MRI,patient_004_RIRET2__CT_to_MRI_mixed,icp,/data/bianfeng/yixueOT/new_code_test/experiment_batches/processed/RIRE_CT_MRI/patient_004_RIRET2__CT_to_MRI_mixed.npz,/data/bianfeng/yixueOT/new_code_test/compare_results/icp/RIRE_CT_MRI/patient_004_RIRET2__CT_to_MRI_mixed_icp.npz,success,2.8053030967712402,13.94504313654393,nan,nan,nan,nan,nan,nan,
RIRE_CT_MRI,patient_004_RIRET2__CT_to_MRI_mixed,fgr,/data/bianfeng/yixueOT/new_code_test/experiment_batches/processed/RIRE_CT_MRI/patient_004_RIRET2__CT_to_MRI_mixed.npz,/data/bianfeng/yixueOT/new_code_test/compare_results/fgr/RIRE_CT_MRI/patient_004_RIRET2__CT_to_MRI_mixed_fgr.npz,success,0.5339155197143555,16.398630173725664,nan,nan,nan,nan,nan,nan,
RIRE_CT_MRI,patient_004_RIRET2__CT_to_MRI_mixed,ants,/data/bianfeng/yixueOT/new_code_test/experiment_batches/processed/RIRE_CT_MRI/patient_004_RIRET2__CT_to_MRI_mixed.npz,/data/bianfeng/yixueOT/new_code_test/compare_results/ants/RIRE_CT_MRI/patient_004_RIRET2__CT_to_MRI_mixed_ants.npz,success,1.4858551025390625,48.21938101838996,nan,nan,nan,nan,nan,nan,
RIRE_CT_MRI,patient_005_RIREPD__CT_to_MRI_mixed,modified,/data/bianfeng/yixueOT/new_code_test/experiment_batches/processed/RIRE_CT_MRI/patient_005_RIREPD__CT_to_MRI_mixed.npz,/data/bianfeng/yixueOT/new_code_test/registration_results/modified/data/patient_005_RIREPD_CT_to_MRI_mixed_result.mat,success,0.907095,9.974210560338422,nan,nan,nan,nan,nan,nan,
RIRE_CT_MRI,patient_005_RIREPD__CT_to_MRI_mixed,modified_full,/data/bianfeng/yixueOT/new_code_test/experiment_batches/processed/RIRE_CT_MRI/patient_005_RIREPD__CT_to_MRI_mixed.npz,/data/bianfeng/yixueOT/new_code_test/registration_results/modified_full/data/patient_005_RIREPD_CT_to_MRI_mixed_result.mat,success,2.58197,10.645658763664184,nan,nan,nan,nan,nan,nan,
RIRE_CT_MRI,patient_005_RIREPD__CT_to_MRI_mixed,random_baseline,/data/bianfeng/yixueOT/new_code_test/experiment_batches/processed/RIRE_CT_MRI/patient_005_RIREPD__CT_to_MRI_mixed.npz,/data/bianfeng/yixueOT/new_code_test/registration_results/random_baseline/data/patient_005_RIREPD_CT_to_MRI_mixed_result.mat,success,1.306643,10.788310431682087,nan,nan,nan,nan,nan,nan,
RIRE_CT_MRI,patient_005_RIREPD__CT_to_MRI_mixed,icp,/data/bianfeng/yixueOT/new_code_test/experiment_batches/processed/RIRE_CT_MRI/patient_005_RIREPD__CT_to_MRI_mixed.npz,/data/bianfeng/yixueOT/new_code_test/compare_results/icp/RIRE_CT_MRI/patient_005_RIREPD__CT_to_MRI_mixed_icp.npz,success,1.9086048603057861,10.519079598712324,nan,nan,nan,nan,nan,nan,
RIRE_CT_MRI,patient_005_RIREPD__CT_to_MRI_mixed,fgr,/data/bianfeng/yixueOT/new_code_test/experiment_batches/processed/RIRE_CT_MRI/patient_005_RIREPD__CT_to_MRI_mixed.npz,/data/bianfeng/yixueOT/new_code_test/compare_results/fgr/RIRE_CT_MRI/patient_005_RIREPD__CT_to_MRI_mixed_fgr.npz,success,0.7192738056182861,18.17634913983318,nan,nan,nan,nan,nan,nan,
RIRE_CT_MRI,patient_005_RIREPD__CT_to_MRI_mixed,ants,/data/bianfeng/yixueOT/new_code_test/experiment_batches/processed/RIRE_CT_MRI/patient_005_RIREPD__CT_to_MRI_mixed.npz,/data/bianfeng/yixueOT/new_code_test/compare_results/ants/RIRE_CT_MRI/patient_005_RIREPD__CT_to_MRI_mixed_ants.npz,success,2.2686970233917236,34.3351757192218,nan,nan,nan,nan,nan,nan,
RIRE_CT_MRI,patient_005_RIRET1__CT_to_MRI_mixed,modified,/data/bianfeng/yixueOT/new_code_test/experiment_batches/processed/RIRE_CT_MRI/patient_005_RIRET1__CT_to_MRI_mixed.npz,/data/bianfeng/yixueOT/new_code_test/registration_results/modified/data/patient_005_RIRET1_CT_to_MRI_mixed_result.mat,success,0.733213,10.33536984705729,nan,nan,nan,nan,nan,nan,
RIRE_CT_MRI,patient_005_RIRET1__CT_to_MRI_mixed,modified_full,/data/bianfeng/yixueOT/new_code_test/experiment_batches/processed/RIRE_CT_MRI/patient_005_RIRET1__CT_to_MRI_mixed.npz,/data/bianfeng/yixueOT/new_code_test/registration_results/modified_full/data/patient_005_RIRET1_CT_to_MRI_mixed_result.mat,success,2.375432,11.278360272879658,nan,nan,nan,nan,nan,nan,
RIRE_CT_MRI,patient_005_RIRET1__CT_to_MRI_mixed,random_baseline,/data/bianfeng/yixueOT/new_code_test/experiment_batches/processed/RIRE_CT_MRI/patient_005_RIRET1__CT_to_MRI_mixed.npz,/data/bianfeng/yixueOT/new_code_test/registration_results/random_baseline/data/patient_005_RIRET1_CT_to_MRI_mixed_result.mat,success,1.31772,11.149463491707372,nan,nan,nan,nan,nan,nan,
RIRE_CT_MRI,patient_005_RIRET1__CT_to_MRI_mixed,icp,/data/bianfeng/yixueOT/new_code_test/experiment_batches/processed/RIRE_CT_MRI/patient_005_RIRET1__CT_to_MRI_mixed.npz,/data/bianfeng/yixueOT/new_code_test/compare_results/icp/RIRE_CT_MRI/patient_005_RIRET1__CT_to_MRI_mixed_icp.npz,success,1.7808258533477783,11.184581263208129,nan,nan,nan,nan,nan,nan,
RIRE_CT_MRI,patient_005_RIRET1__CT_to_MRI_mixed,fgr,/data/bianfeng/yixueOT/new_code_test/experiment_batches/processed/RIRE_CT_MRI/patient_005_RIRET1__CT_to_MRI_mixed.npz,/data/bianfeng/yixueOT/new_code_test/compare_results/fgr/RIRE_CT_MRI/patient_005_RIRET1__CT_to_MRI_mixed_fgr.npz,success,0.7009968757629395,21.63487433746216,nan,nan,nan,nan,nan,nan,
RIRE_CT_MRI,patient_005_RIRET1__CT_to_MRI_mixed,ants,/data/bianfeng/yixueOT/new_code_test/experiment_batches/processed/RIRE_CT_MRI/patient_005_RIRET1__CT_to_MRI_mixed.npz,/data/bianfeng/yixueOT/new_code_test/compare_results/ants/RIRE_CT_MRI/patient_005_RIRET1__CT_to_MRI_mixed_ants.npz,success,2.981313467025757,34.411012126740765,nan,nan,nan,nan,nan,nan,
RIRE_CT_MRI,patient_005_RIRET2__CT_to_MRI_mixed,modified,/data/bianfeng/yixueOT/new_code_test/experiment_batches/processed/RIRE_CT_MRI/patient_005_RIRET2__CT_to_MRI_mixed.npz,/data/bianfeng/yixueOT/new_code_test/registration_results/modified/data/patient_005_RIRET2_CT_to_MRI_mixed_result.mat,success,0.826511,11.573364488109364,nan,nan,nan,nan,nan,nan,
RIRE_CT_MRI,patient_005_RIRET2__CT_to_MRI_mixed,modified_full,/data/bianfeng/yixueOT/new_code_test/experiment_batches/processed/RIRE_CT_MRI/patient_005_RIRET2__CT_to_MRI_mixed.npz,/data/bianfeng/yixueOT/new_code_test/registration_results/modified_full/data/patient_005_RIRET2_CT_to_MRI_mixed_result.mat,success,2.534341,11.781817974835805,nan,nan,nan,nan,nan,nan,
RIRE_CT_MRI,patient_005_RIRET2__CT_to_MRI_mixed,random_baseline,/data/bianfeng/yixueOT/new_code_test/experiment_batches/processed/RIRE_CT_MRI/patient_005_RIRET2__CT_to_MRI_mixed.npz,/data/bianfeng/yixueOT/new_code_test/registration_results/random_baseline/data/patient_005_RIRET2_CT_to_MRI_mixed_result.mat,success,1.335534,12.998096166150573,nan,nan,nan,nan,nan,nan,
RIRE_CT_MRI,patient_005_RIRET2__CT_to_MRI_mixed,icp,/data/bianfeng/yixueOT/new_code_test/experiment_batches/processed/RIRE_CT_MRI/patient_005_RIRET2__CT_to_MRI_mixed.npz,/data/bianfeng/yixueOT/new_code_test/compare_results/icp/RIRE_CT_MRI/patient_005_RIRET2__CT_to_MRI_mixed_icp.npz,success,1.9477593898773193,11.067260826123945,nan,nan,nan,nan,nan,nan,
RIRE_CT_MRI,patient_005_RIRET2__CT_to_MRI_mixed,fgr,/data/bianfeng/yixueOT/new_code_test/experiment_batches/processed/RIRE_CT_MRI/patient_005_RIRET2__CT_to_MRI_mixed.npz,/data/bianfeng/yixueOT/new_code_test/compare_results/fgr/RIRE_CT_MRI/patient_005_RIRET2__CT_to_MRI_mixed_fgr.npz,success,0.6671802997589111,13.248199032731735,nan,nan,nan,nan,nan,nan,
RIRE_CT_MRI,patient_005_RIRET2__CT_to_MRI_mixed,ants,/data/bianfeng/yixueOT/new_code_test/experiment_batches/processed/RIRE_CT_MRI/patient_005_RIRET2__CT_to_MRI_mixed.npz,/data/bianfeng/yixueOT/new_code_test/compare_results/ants/RIRE_CT_MRI/patient_005_RIRET2__CT_to_MRI_mixed_ants.npz,success,2.5731704235076904,36.460121689727295,nan,nan,nan,nan,nan,nan,
RIRE_CT_MRI,patient_006_RIREPD__CT_to_MRI_mixed,modified,/data/bianfeng/yixueOT/new_code_test/experiment_batches/processed/RIRE_CT_MRI/patient_006_RIREPD__CT_to_MRI_mixed.npz,/data/bianfeng/yixueOT/new_code_test/registration_results/modified/data/patient_006_RIREPD_CT_to_MRI_mixed_result.mat,success,0.659935,7.56293035724317,nan,nan,nan,nan,nan,nan,
RIRE_CT_MRI,patient_006_RIREPD__CT_to_MRI_mixed,modified_full,/data/bianfeng/yixueOT/new_code_test/experiment_batches/processed/RIRE_CT_MRI/patient_006_RIREPD__CT_to_MRI_mixed.npz,/data/bianfeng/yixueOT/new_code_test/registration_results/modified_full/data/patient_006_RIREPD_CT_to_MRI_mixed_result.mat,success,2.406757,7.652074301150562,nan,nan,nan,nan,nan,nan,
RIRE_CT_MRI,patient_006_RIREPD__CT_to_MRI_mixed,random_baseline,/data/bianfeng/yixueOT/new_code_test/experiment_batches/processed/RIRE_CT_MRI/patient_006_RIREPD__CT_to_MRI_mixed.npz,/data/bianfeng/yixueOT/new_code_test/registration_results/random_baseline/data/patient_006_RIREPD_CT_to_MRI_mixed_result.mat,success,1.260966,7.898280429641176,nan,nan,nan,nan,nan,nan,
RIRE_CT_MRI,patient_006_RIREPD__CT_to_MRI_mixed,icp,/data/bianfeng/yixueOT/new_code_test/experiment_batches/processed/RIRE_CT_MRI/patient_006_RIREPD__CT_to_MRI_mixed.npz,/data/bianfeng/yixueOT/new_code_test/compare_results/icp/RIRE_CT_MRI/patient_006_RIREPD__CT_to_MRI_mixed_icp.npz,success,1.8378019332885742,7.412858946873013,nan,nan,nan,nan,nan,nan,
RIRE_CT_MRI,patient_006_RIREPD__CT_to_MRI_mixed,fgr,/data/bianfeng/yixueOT/new_code_test/experiment_batches/processed/RIRE_CT_MRI/patient_006_RIREPD__CT_to_MRI_mixed.npz,/data/bianfeng/yixueOT/new_code_test/compare_results/fgr/RIRE_CT_MRI/patient_006_RIREPD__CT_to_MRI_mixed_fgr.npz,success,0.5904667377471924,8.769964387594293,nan,nan,nan,nan,nan,nan,
RIRE_CT_MRI,patient_006_RIREPD__CT_to_MRI_mixed,ants,/data/bianfeng/yixueOT/new_code_test/experiment_batches/processed/RIRE_CT_MRI/patient_006_RIREPD__CT_to_MRI_mixed.npz,/data/bianfeng/yixueOT/new_code_test/compare_results/ants/RIRE_CT_MRI/patient_006_RIREPD__CT_to_MRI_mixed_ants.npz,success,2.1324996948242188,34.08250231202959,nan,nan,nan,nan,nan,nan,
RIRE_CT_MRI,patient_006_RIRET1__CT_to_MRI_mixed,modified,/data/bianfeng/yixueOT/new_code_test/experiment_batches/processed/RIRE_CT_MRI/patient_006_RIRET1__CT_to_MRI_mixed.npz,/data/bianfeng/yixueOT/new_code_test/registration_results/modified/data/patient_006_RIRET1_CT_to_MRI_mixed_result.mat,success,0.975574,8.155623371005186,nan,nan,nan,nan,nan,nan,
RIRE_CT_MRI,patient_006_RIRET1__CT_to_MRI_mixed,modified_full,/data/bianfeng/yixueOT/new_code_test/experiment_batches/processed/RIRE_CT_MRI/patient_006_RIRET1__CT_to_MRI_mixed.npz,/data/bianfeng/yixueOT/new_code_test/registration_results/modified_full/data/patient_006_RIRET1_CT_to_MRI_mixed_result.mat,success,2.862604,8.246459091652776,nan,nan,nan,nan,nan,nan,
RIRE_CT_MRI,patient_006_RIRET1__CT_to_MRI_mixed,random_baseline,/data/bianfeng/yixueOT/new_code_test/experiment_batches/processed/RIRE_CT_MRI/patient_006_RIRET1__CT_to_MRI_mixed.npz,/data/bianfeng/yixueOT/new_code_test/registration_results/random_baseline/data/patient_006_RIRET1_CT_to_MRI_mixed_result.mat,success,1.068151,9.404083027753803,nan,nan,nan,nan,nan,nan,
RIRE_CT_MRI,patient_006_RIRET1__CT_to_MRI_mixed,icp,/data/bianfeng/yixueOT/new_code_test/experiment_batches/processed/RIRE_CT_MRI/patient_006_RIRET1__CT_to_MRI_mixed.npz,/data/bianfeng/yixueOT/new_code_test/compare_results/icp/RIRE_CT_MRI/patient_006_RIRET1__CT_to_MRI_mixed_icp.npz,success,1.8936917781829834,8.017329512419147,nan,nan,nan,nan,nan,nan,
RIRE_CT_MRI,patient_006_RIRET1__CT_to_MRI_mixed,fgr,/data/bianfeng/yixueOT/new_code_test/experiment_batches/processed/RIRE_CT_MRI/patient_006_RIRET1__CT_to_MRI_mixed.npz,/data/bianfeng/yixueOT/new_code_test/compare_results/fgr/RIRE_CT_MRI/patient_006_RIRET1__CT_to_MRI_mixed_fgr.npz,success,0.5845701694488525,8.305421139805338,nan,nan,nan,nan,nan,nan,
RIRE_CT_MRI,patient_006_RIRET1__CT_to_MRI_mixed,ants,/data/bianfeng/yixueOT/new_code_test/experiment_batches/processed/RIRE_CT_MRI/patient_006_RIRET1__CT_to_MRI_mixed.npz,/data/bianfeng/yixueOT/new_code_test/compare_results/ants/RIRE_CT_MRI/patient_006_RIRET1__CT_to_MRI_mixed_ants.npz,success,1.6669185161590576,34.489986572844195,nan,nan,nan,nan,nan,nan,
RIRE_CT_MRI,patient_006_RIRET2__CT_to_MRI_mixed,modified,/data/bianfeng/yixueOT/new_code_test/experiment_batches/processed/RIRE_CT_MRI/patient_006_RIRET2__CT_to_MRI_mixed.npz,/data/bianfeng/yixueOT/new_code_test/registration_results/modified/data/patient_006_RIRET2_CT_to_MRI_mixed_result.mat,success,0.782298,9.592653721456156,nan,nan,nan,nan,nan,nan,
RIRE_CT_MRI,patient_006_RIRET2__CT_to_MRI_mixed,modified_full,/data/bianfeng/yixueOT/new_code_test/experiment_batches/processed/RIRE_CT_MRI/patient_006_RIRET2__CT_to_MRI_mixed.npz,/data/bianfeng/yixueOT/new_code_test/registration_results/modified_full/data/patient_006_RIRET2_CT_to_MRI_mixed_result.mat,success,2.438428,9.759651756400011,nan,nan,nan,nan,nan,nan,
RIRE_CT_MRI,patient_006_RIRET2__CT_to_MRI_mixed,random_baseline,/data/bianfeng/yixueOT/new_code_test/experiment_batches/processed/RIRE_CT_MRI/patient_006_RIRET2__CT_to_MRI_mixed.npz,/data/bianfeng/yixueOT/new_code_test/registration_results/random_baseline/data/patient_006_RIRET2_CT_to_MRI_mixed_result.mat,success,0.989924,10.140192676003448,nan,nan,nan,nan,nan,nan,
RIRE_CT_MRI,patient_006_RIRET2__CT_to_MRI_mixed,icp,/data/bianfeng/yixueOT/new_code_test/experiment_batches/processed/RIRE_CT_MRI/patient_006_RIRET2__CT_to_MRI_mixed.npz,/data/bianfeng/yixueOT/new_code_test/compare_results/icp/RIRE_CT_MRI/patient_006_RIRET2__CT_to_MRI_mixed_icp.npz,success,1.7689309120178223,9.393825473950578,nan,nan,nan,nan,nan,nan,
RIRE_CT_MRI,patient_006_RIRET2__CT_to_MRI_mixed,fgr,/data/bianfeng/yixueOT/new_code_test/experiment_batches/processed/RIRE_CT_MRI/patient_006_RIRET2__CT_to_MRI_mixed.npz,/data/bianfeng/yixueOT/new_code_test/compare_results/fgr/RIRE_CT_MRI/patient_006_RIRET2__CT_to_MRI_mixed_fgr.npz,success,0.6271522045135498,10.98593742727637,nan,nan,nan,nan,nan,nan,
RIRE_CT_MRI,patient_006_RIRET2__CT_to_MRI_mixed,ants,/data/bianfeng/yixueOT/new_code_test/experiment_batches/processed/RIRE_CT_MRI/patient_006_RIRET2__CT_to_MRI_mixed.npz,/data/bianfeng/yixueOT/new_code_test/compare_results/ants/RIRE_CT_MRI/patient_006_RIRET2__CT_to_MRI_mixed_ants.npz,success,2.0970044136047363,34.058678339049166,nan,nan,nan,nan,nan,nan,
RIRE_CT_MRI,patient_007_RIREPD__CT_to_MRI_mixed,modified,/data/bianfeng/yixueOT/new_code_test/experiment_batches/processed/RIRE_CT_MRI/patient_007_RIREPD__CT_to_MRI_mixed.npz,/data/bianfeng/yixueOT/new_code_test/registration_results/modified/data/patient_007_RIREPD_CT_to_MRI_mixed_result.mat,success,0.847983,3.9411218261106664,nan,nan,nan,nan,nan,nan,
RIRE_CT_MRI,patient_007_RIREPD__CT_to_MRI_mixed,modified_full,/data/bianfeng/yixueOT/new_code_test/experiment_batches/processed/RIRE_CT_MRI/patient_007_RIREPD__CT_to_MRI_mixed.npz,/data/bianfeng/yixueOT/new_code_test/registration_results/modified_full/data/patient_007_RIREPD_CT_to_MRI_mixed_result.mat,success,2.727626,3.9200673336393055,nan,nan,nan,nan,nan,nan,
RIRE_CT_MRI,patient_007_RIREPD__CT_to_MRI_mixed,random_baseline,/data/bianfeng/yixueOT/new_code_test/experiment_batches/processed/RIRE_CT_MRI/patient_007_RIREPD__CT_to_MRI_mixed.npz,/data/bianfeng/yixueOT/new_code_test/registration_results/random_baseline/data/patient_007_RIREPD_CT_to_MRI_mixed_result.mat,success,1.044939,4.021019370397954,nan,nan,nan,nan,nan,nan,
RIRE_CT_MRI,patient_007_RIREPD__CT_to_MRI_mixed,icp,/data/bianfeng/yixueOT/new_code_test/experiment_batches/processed/RIRE_CT_MRI/patient_007_RIREPD__CT_to_MRI_mixed.npz,/data/bianfeng/yixueOT/new_code_test/compare_results/icp/RIRE_CT_MRI/patient_007_RIREPD__CT_to_MRI_mixed_icp.npz,success,2.059704542160034,3.826344665076888,nan,nan,nan,nan,nan,nan,
RIRE_CT_MRI,patient_007_RIREPD__CT_to_MRI_mixed,fgr,/data/bianfeng/yixueOT/new_code_test/experiment_batches/processed/RIRE_CT_MRI/patient_007_RIREPD__CT_to_MRI_mixed.npz,/data/bianfeng/yixueOT/new_code_test/compare_results/fgr/RIRE_CT_MRI/patient_007_RIREPD__CT_to_MRI_mixed_fgr.npz,success,0.6798408031463623,5.230794669756231,nan,nan,nan,nan,nan,nan,
RIRE_CT_MRI,patient_007_RIREPD__CT_to_MRI_mixed,ants,/data/bianfeng/yixueOT/new_code_test/experiment_batches/processed/RIRE_CT_MRI/patient_007_RIREPD__CT_to_MRI_mixed.npz,/data/bianfeng/yixueOT/new_code_test/compare_results/ants/RIRE_CT_MRI/patient_007_RIREPD__CT_to_MRI_mixed_ants.npz,success,2.483192205429077,17.571592651119886,nan,nan,nan,nan,nan,nan,
RIRE_CT_MRI,patient_007_RIRET1__CT_to_MRI_mixed,modified,/data/bianfeng/yixueOT/new_code_test/experiment_batches/processed/RIRE_CT_MRI/patient_007_RIRET1__CT_to_MRI_mixed.npz,/data/bianfeng/yixueOT/new_code_test/registration_results/modified/data/patient_007_RIRET1_CT_to_MRI_mixed_result.mat,success,0.853156,3.8591349631407263,nan,nan,nan,nan,nan,nan,
RIRE_CT_MRI,patient_007_RIRET1__CT_to_MRI_mixed,modified_full,/data/bianfeng/yixueOT/new_code_test/experiment_batches/processed/RIRE_CT_MRI/patient_007_RIRET1__CT_to_MRI_mixed.npz,/data/bianfeng/yixueOT/new_code_test/registration_results/modified_full/data/patient_007_RIRET1_CT_to_MRI_mixed_result.mat,success,2.124333,3.8065966092745844,nan,nan,nan,nan,nan,nan,
RIRE_CT_MRI,patient_007_RIRET1__CT_to_MRI_mixed,random_baseline,/data/bianfeng/yixueOT/new_code_test/experiment_batches/processed/RIRE_CT_MRI/patient_007_RIRET1__CT_to_MRI_mixed.npz,/data/bianfeng/yixueOT/new_code_test/registration_results/random_baseline/data/patient_007_RIRET1_CT_to_MRI_mixed_result.mat,success,1.27658,4.029015382624785,nan,nan,nan,nan,nan,nan,
RIRE_CT_MRI,patient_007_RIRET1__CT_to_MRI_mixed,icp,/data/bianfeng/yixueOT/new_code_test/experiment_batches/processed/RIRE_CT_MRI/patient_007_RIRET1__CT_to_MRI_mixed.npz,/data/bianfeng/yixueOT/new_code_test/compare_results/icp/RIRE_CT_MRI/patient_007_RIRET1__CT_to_MRI_mixed_icp.npz,success,2.085803270339966,3.7770440392556,nan,nan,nan,nan,nan,nan,
RIRE_CT_MRI,patient_007_RIRET1__CT_to_MRI_mixed,fgr,/data/bianfeng/yixueOT/new_code_test/experiment_batches/processed/RIRE_CT_MRI/patient_007_RIRET1__CT_to_MRI_mixed.npz,/data/bianfeng/yixueOT/new_code_test/compare_results/fgr/RIRE_CT_MRI/patient_007_RIRET1__CT_to_MRI_mixed_fgr.npz,success,0.5928134918212891,5.105637583866166,nan,nan,nan,nan,nan,nan,
RIRE_CT_MRI,patient_007_RIRET1__CT_to_MRI_mixed,ants,/data/bianfeng/yixueOT/new_code_test/experiment_batches/processed/RIRE_CT_MRI/patient_007_RIRET1__CT_to_MRI_mixed.npz,/data/bianfeng/yixueOT/new_code_test/compare_results/ants/RIRE_CT_MRI/patient_007_RIRET1__CT_to_MRI_mixed_ants.npz,success,1.7507131099700928,17.273967059252502,nan,nan,nan,nan,nan,nan,
RIRE_CT_MRI,patient_007_RIRET2__CT_to_MRI_mixed,modified,/data/bianfeng/yixueOT/new_code_test/experiment_batches/processed/RIRE_CT_MRI/patient_007_RIRET2__CT_to_MRI_mixed.npz,/data/bianfeng/yixueOT/new_code_test/registration_results/modified/data/patient_007_RIRET2_CT_to_MRI_mixed_result.mat,success,0.944205,8.779015020141038,nan,nan,nan,nan,nan,nan,
RIRE_CT_MRI,patient_007_RIRET2__CT_to_MRI_mixed,modified_full,/data/bianfeng/yixueOT/new_code_test/experiment_batches/processed/RIRE_CT_MRI/patient_007_RIRET2__CT_to_MRI_mixed.npz,/data/bianfeng/yixueOT/new_code_test/registration_results/modified_full/data/patient_007_RIRET2_CT_to_MRI_mixed_result.mat,success,2.735604,8.803594522602939,nan,nan,nan,nan,nan,nan,
RIRE_CT_MRI,patient_007_RIRET2__CT_to_MRI_mixed,random_baseline,/data/bianfeng/yixueOT/new_code_test/experiment_batches/processed/RIRE_CT_MRI/patient_007_RIRET2__CT_to_MRI_mixed.npz,/data/bianfeng/yixueOT/new_code_test/registration_results/random_baseline/data/patient_007_RIRET2_CT_to_MRI_mixed_result.mat,success,1.163566,8.888983259726837,nan,nan,nan,nan,nan,nan,
RIRE_CT_MRI,patient_007_RIRET2__CT_to_MRI_mixed,icp,/data/bianfeng/yixueOT/new_code_test/experiment_batches/processed/RIRE_CT_MRI/patient_007_RIRET2__CT_to_MRI_mixed.npz,/data/bianfeng/yixueOT/new_code_test/compare_results/icp/RIRE_CT_MRI/patient_007_RIRET2__CT_to_MRI_mixed_icp.npz,success,1.8525731563568115,8.908109399236237,nan,nan,nan,nan,nan,nan,
RIRE_CT_MRI,patient_007_RIRET2__CT_to_MRI_mixed,fgr,/data/bianfeng/yixueOT/new_code_test/experiment_batches/processed/RIRE_CT_MRI/patient_007_RIRET2__CT_to_MRI_mixed.npz,/data/bianfeng/yixueOT/new_code_test/compare_results/fgr/RIRE_CT_MRI/patient_007_RIRET2__CT_to_MRI_mixed_fgr.npz,success,0.5510697364807129,11.278900420546261,nan,nan,nan,nan,nan,nan,
RIRE_CT_MRI,patient_007_RIRET2__CT_to_MRI_mixed,ants,/data/bianfeng/yixueOT/new_code_test/experiment_batches/processed/RIRE_CT_MRI/patient_007_RIRET2__CT_to_MRI_mixed.npz,/data/bianfeng/yixueOT/new_code_test/compare_results/ants/RIRE_CT_MRI/patient_007_RIRET2__CT_to_MRI_mixed_ants.npz,success,1.7375609874725342,21.99253795026887,nan,nan,nan,nan,nan,nan,
RIRE_CT_MRI,patient_008_RIREPD__CT_to_MRI_mixed,modified,/data/bianfeng/yixueOT/new_code_test/experiment_batches/processed/RIRE_CT_MRI/patient_008_RIREPD__CT_to_MRI_mixed.npz,/data/bianfeng/yixueOT/new_code_test/registration_results/modified/data/patient_008_RIREPD_CT_to_MRI_mixed_result.mat,success,0.90078,7.634684826779012,nan,nan,nan,nan,nan,nan,
RIRE_CT_MRI,patient_008_RIREPD__CT_to_MRI_mixed,modified_full,/data/bianfeng/yixueOT/new_code_test/experiment_batches/processed/RIRE_CT_MRI/patient_008_RIREPD__CT_to_MRI_mixed.npz,/data/bianfeng/yixueOT/new_code_test/registration_results/modified_full/data/patient_008_RIREPD_CT_to_MRI_mixed_result.mat,success,2.437946,7.712869952231018,nan,nan,nan,nan,nan,nan,
RIRE_CT_MRI,patient_008_RIREPD__CT_to_MRI_mixed,random_baseline,/data/bianfeng/yixueOT/new_code_test/experiment_batches/processed/RIRE_CT_MRI/patient_008_RIREPD__CT_to_MRI_mixed.npz,/data/bianfeng/yixueOT/new_code_test/registration_results/random_baseline/data/patient_008_RIREPD_CT_to_MRI_mixed_result.mat,success,0.922064,8.51495522448297,nan,nan,nan,nan,nan,nan,
RIRE_CT_MRI,patient_008_RIREPD__CT_to_MRI_mixed,icp,/data/bianfeng/yixueOT/new_code_test/experiment_batches/processed/RIRE_CT_MRI/patient_008_RIREPD__CT_to_MRI_mixed.npz,/data/bianfeng/yixueOT/new_code_test/compare_results/icp/RIRE_CT_MRI/patient_008_RIREPD__CT_to_MRI_mixed_icp.npz,success,1.9639301300048828,7.420550502204315,nan,nan,nan,nan,nan,nan,
RIRE_CT_MRI,patient_008_RIREPD__CT_to_MRI_mixed,fgr,/data/bianfeng/yixueOT/new_code_test/experiment_batches/processed/RIRE_CT_MRI/patient_008_RIREPD__CT_to_MRI_mixed.npz,/data/bianfeng/yixueOT/new_code_test/compare_results/fgr/RIRE_CT_MRI/patient_008_RIREPD__CT_to_MRI_mixed_fgr.npz,success,0.5994973182678223,9.156739944291282,nan,nan,nan,nan,nan,nan,
RIRE_CT_MRI,patient_008_RIREPD__CT_to_MRI_mixed,ants,/data/bianfeng/yixueOT/new_code_test/experiment_batches/processed/RIRE_CT_MRI/patient_008_RIREPD__CT_to_MRI_mixed.npz,/data/bianfeng/yixueOT/new_code_test/compare_results/ants/RIRE_CT_MRI/patient_008_RIREPD__CT_to_MRI_mixed_ants.npz,success,1.9808626174926758,42.999796189440694,nan,nan,nan,nan,nan,nan,
RIRE_CT_MRI,patient_008_RIRET1__CT_to_MRI_mixed,modified,/data/bianfeng/yixueOT/new_code_test/experiment_batches/processed/RIRE_CT_MRI/patient_008_RIRET1__CT_to_MRI_mixed.npz,/data/bianfeng/yixueOT/new_code_test/registration_results/modified/data/patient_008_RIRET1_CT_to_MRI_mixed_result.mat,success,0.576616,6.7579593430209295,nan,nan,nan,nan,nan,nan,
RIRE_CT_MRI,patient_008_RIRET1__CT_to_MRI_mixed,modified_full,/data/bianfeng/yixueOT/new_code_test/experiment_batches/processed/RIRE_CT_MRI/patient_008_RIRET1__CT_to_MRI_mixed.npz,/data/bianfeng/yixueOT/new_code_test/registration_results/modified_full/data/patient_008_RIRET1_CT_to_MRI_mixed_result.mat,success,2.505399,7.0037631270298215,nan,nan,nan,nan,nan,nan,
RIRE_CT_MRI,patient_008_RIRET1__CT_to_MRI_mixed,random_baseline,/data/bianfeng/yixueOT/new_code_test/experiment_batches/processed/RIRE_CT_MRI/patient_008_RIRET1__CT_to_MRI_mixed.npz,/data/bianfeng/yixueOT/new_code_test/registration_results/random_baseline/data/patient_008_RIRET1_CT_to_MRI_mixed_result.mat,success,0.740962,7.14261029000536,nan,nan,nan,nan,nan,nan,
RIRE_CT_MRI,patient_008_RIRET1__CT_to_MRI_mixed,icp,/data/bianfeng/yixueOT/new_code_test/experiment_batches/processed/RIRE_CT_MRI/patient_008_RIRET1__CT_to_MRI_mixed.npz,/data/bianfeng/yixueOT/new_code_test/compare_results/icp/RIRE_CT_MRI/patient_008_RIRET1__CT_to_MRI_mixed_icp.npz,success,2.3287770748138428,6.719478245669093,nan,nan,nan,nan,nan,nan,
RIRE_CT_MRI,patient_008_RIRET1__CT_to_MRI_mixed,fgr,/data/bianfeng/yixueOT/new_code_test/experiment_batches/processed/RIRE_CT_MRI/patient_008_RIRET1__CT_to_MRI_mixed.npz,/data/bianfeng/yixueOT/new_code_test/compare_results/fgr/RIRE_CT_MRI/patient_008_RIRET1__CT_to_MRI_mixed_fgr.npz,success,0.6519246101379395,8.384163336589861,nan,nan,nan,nan,nan,nan,
RIRE_CT_MRI,patient_008_RIRET1__CT_to_MRI_mixed,ants,/data/bianfeng/yixueOT/new_code_test/experiment_batches/processed/RIRE_CT_MRI/patient_008_RIRET1__CT_to_MRI_mixed.npz,/data/bianfeng/yixueOT/new_code_test/compare_results/ants/RIRE_CT_MRI/patient_008_RIRET1__CT_to_MRI_mixed_ants.npz,success,1.9111311435699463,61.891767911598045,nan,nan,nan,nan,nan,nan,
RIRE_CT_MRI,patient_008_RIRET2__CT_to_MRI_mixed,modified,/data/bianfeng/yixueOT/new_code_test/experiment_batches/processed/RIRE_CT_MRI/patient_008_RIRET2__CT_to_MRI_mixed.npz,/data/bianfeng/yixueOT/new_code_test/registration_results/modified/data/patient_008_RIRET2_CT_to_MRI_mixed_result.mat,success,0.932852,11.796764785896265,nan,nan,nan,nan,nan,nan,
RIRE_CT_MRI,patient_008_RIRET2__CT_to_MRI_mixed,modified_full,/data/bianfeng/yixueOT/new_code_test/experiment_batches/processed/RIRE_CT_MRI/patient_008_RIRET2__CT_to_MRI_mixed.npz,/data/bianfeng/yixueOT/new_code_test/registration_results/modified_full/data/patient_008_RIRET2_CT_to_MRI_mixed_result.mat,success,2.599714,12.34521316250585,nan,nan,nan,nan,nan,nan,
RIRE_CT_MRI,patient_008_RIRET2__CT_to_MRI_mixed,random_baseline,/data/bianfeng/yixueOT/new_code_test/experiment_batches/processed/RIRE_CT_MRI/patient_008_RIRET2__CT_to_MRI_mixed.npz,/data/bianfeng/yixueOT/new_code_test/registration_results/random_baseline/data/patient_008_RIRET2_CT_to_MRI_mixed_result.mat,success,1.273774,12.515392561309914,nan,nan,nan,nan,nan,nan,
RIRE_CT_MRI,patient_008_RIRET2__CT_to_MRI_mixed,icp,/data/bianfeng/yixueOT/new_code_test/experiment_batches/processed/RIRE_CT_MRI/patient_008_RIRET2__CT_to_MRI_mixed.npz,/data/bianfeng/yixueOT/new_code_test/compare_results/icp/RIRE_CT_MRI/patient_008_RIRET2__CT_to_MRI_mixed_icp.npz,success,2.9109981060028076,12.007228457337336,nan,nan,nan,nan,nan,nan,
RIRE_CT_MRI,patient_008_RIRET2__CT_to_MRI_mixed,fgr,/data/bianfeng/yixueOT/new_code_test/experiment_batches/processed/RIRE_CT_MRI/patient_008_RIRET2__CT_to_MRI_mixed.npz,/data/bianfeng/yixueOT/new_code_test/compare_results/fgr/RIRE_CT_MRI/patient_008_RIRET2__CT_to_MRI_mixed_fgr.npz,success,0.5145039558410645,13.18869745361058,nan,nan,nan,nan,nan,nan,
RIRE_CT_MRI,patient_008_RIRET2__CT_to_MRI_mixed,ants,/data/bianfeng/yixueOT/new_code_test/experiment_batches/processed/RIRE_CT_MRI/patient_008_RIRET2__CT_to_MRI_mixed.npz,/data/bianfeng/yixueOT/new_code_test/compare_results/ants/RIRE_CT_MRI/patient_008_RIRET2__CT_to_MRI_mixed_ants.npz,success,1.7806446552276611,66.2044633180636,nan,nan,nan,nan,nan,nan,
RIRE_CT_MRI,patient_101_RIREPD__CT_to_MRI_mixed,modified,/data/bianfeng/yixueOT/new_code_test/experiment_batches/processed/RIRE_CT_MRI/patient_101_RIREPD__CT_to_MRI_mixed.npz,/data/bianfeng/yixueOT/new_code_test/registration_results/modified/data/patient_101_RIREPD_CT_to_MRI_mixed_result.mat,success,0.715376,5.108013902338217,nan,nan,nan,nan,nan,nan,
RIRE_CT_MRI,patient_101_RIREPD__CT_to_MRI_mixed,modified_full,/data/bianfeng/yixueOT/new_code_test/experiment_batches/processed/RIRE_CT_MRI/patient_101_RIREPD__CT_to_MRI_mixed.npz,/data/bianfeng/yixueOT/new_code_test/registration_results/modified_full/data/patient_101_RIREPD_CT_to_MRI_mixed_result.mat,success,2.755002,5.09206239573939,nan,nan,nan,nan,nan,nan,
RIRE_CT_MRI,patient_101_RIREPD__CT_to_MRI_mixed,random_baseline,/data/bianfeng/yixueOT/new_code_test/experiment_batches/processed/RIRE_CT_MRI/patient_101_RIREPD__CT_to_MRI_mixed.npz,/data/bianfeng/yixueOT/new_code_test/registration_results/random_baseline/data/patient_101_RIREPD_CT_to_MRI_mixed_result.mat,success,1.274806,5.410127157012915,nan,nan,nan,nan,nan,nan,
RIRE_CT_MRI,patient_101_RIREPD__CT_to_MRI_mixed,icp,/data/bianfeng/yixueOT/new_code_test/experiment_batches/processed/RIRE_CT_MRI/patient_101_RIREPD__CT_to_MRI_mixed.npz,/data/bianfeng/yixueOT/new_code_test/compare_results/icp/RIRE_CT_MRI/patient_101_RIREPD__CT_to_MRI_mixed_icp.npz,success,1.438364028930664,4.721146317493873,nan,nan,nan,nan,nan,nan,
RIRE_CT_MRI,patient_101_RIREPD__CT_to_MRI_mixed,fgr,/data/bianfeng/yixueOT/new_code_test/experiment_batches/processed/RIRE_CT_MRI/patient_101_RIREPD__CT_to_MRI_mixed.npz,/data/bianfeng/yixueOT/new_code_test/compare_results/fgr/RIRE_CT_MRI/patient_101_RIREPD__CT_to_MRI_mixed_fgr.npz,success,0.7417628765106201,15.11930200905497,nan,nan,nan,nan,nan,nan,
RIRE_CT_MRI,patient_101_RIREPD__CT_to_MRI_mixed,ants,/data/bianfeng/yixueOT/new_code_test/experiment_batches/processed/RIRE_CT_MRI/patient_101_RIREPD__CT_to_MRI_mixed.npz,/data/bianfeng/yixueOT/new_code_test/compare_results/ants/RIRE_CT_MRI/patient_101_RIREPD__CT_to_MRI_mixed_ants.npz,success,3.1947743892669678,9.186302386871334,nan,nan,nan,nan,nan,nan,
RIRE_CT_MRI,patient_101_RIRET1__CT_to_MRI_mixed,modified,/data/bianfeng/yixueOT/new_code_test/experiment_batches/processed/RIRE_CT_MRI/patient_101_RIRET1__CT_to_MRI_mixed.npz,/data/bianfeng/yixueOT/new_code_test/registration_results/modified/data/patient_101_RIRET1_CT_to_MRI_mixed_result.mat,success,0.670224,5.154878818419363,nan,nan,nan,nan,nan,nan,
RIRE_CT_MRI,patient_101_RIRET1__CT_to_MRI_mixed,modified_full,/data/bianfeng/yixueOT/new_code_test/experiment_batches/processed/RIRE_CT_MRI/patient_101_RIRET1__CT_to_MRI_mixed.npz,/data/bianfeng/yixueOT/new_code_test/registration_results/modified_full/data/patient_101_RIRET1_CT_to_MRI_mixed_result.mat,success,2.379386,4.8272549913243585,nan,nan,nan,nan,nan,nan,
RIRE_CT_MRI,patient_101_RIRET1__CT_to_MRI_mixed,random_baseline,/data/bianfeng/yixueOT/new_code_test/experiment_batches/processed/RIRE_CT_MRI/patient_101_RIRET1__CT_to_MRI_mixed.npz,/data/bianfeng/yixueOT/new_code_test/registration_results/random_baseline/data/patient_101_RIRET1_CT_to_MRI_mixed_result.mat,success,1.160232,5.065741212520996,nan,nan,nan,nan,nan,nan,
RIRE_CT_MRI,patient_101_RIRET1__CT_to_MRI_mixed,icp,/data/bianfeng/yixueOT/new_code_test/experiment_batches/processed/RIRE_CT_MRI/patient_101_RIRET1__CT_to_MRI_mixed.npz,/data/bianfeng/yixueOT/new_code_test/compare_results/icp/RIRE_CT_MRI/patient_101_RIRET1__CT_to_MRI_mixed_icp.npz,success,2.001274347305298,4.428593286120627,nan,nan,nan,nan,nan,nan,
RIRE_CT_MRI,patient_101_RIRET1__CT_to_MRI_mixed,fgr,/data/bianfeng/yixueOT/new_code_test/experiment_batches/processed/RIRE_CT_MRI/patient_101_RIRET1__CT_to_MRI_mixed.npz,/data/bianfeng/yixueOT/new_code_test/compare_results/fgr/RIRE_CT_MRI/patient_101_RIRET1__CT_to_MRI_mixed_fgr.npz,success,0.7709310054779053,8.160260893934373,nan,nan,nan,nan,nan,nan,
RIRE_CT_MRI,patient_101_RIRET1__CT_to_MRI_mixed,ants,/data/bianfeng/yixueOT/new_code_test/experiment_batches/processed/RIRE_CT_MRI/patient_101_RIRET1__CT_to_MRI_mixed.npz,/data/bianfeng/yixueOT/new_code_test/compare_results/ants/RIRE_CT_MRI/patient_101_RIRET1__CT_to_MRI_mixed_ants.npz,success,3.59637451171875,9.142287632493861,nan,nan,nan,nan,nan,nan,
RIRE_CT_MRI,patient_101_RIRET2__CT_to_MRI_mixed,modified,/data/bianfeng/yixueOT/new_code_test/experiment_batches/processed/RIRE_CT_MRI/patient_101_RIRET2__CT_to_MRI_mixed.npz,/data/bianfeng/yixueOT/new_code_test/registration_results/modified/data/patient_101_RIRET2_CT_to_MRI_mixed_result.mat,success,0.933776,9.573796117852718,nan,nan,nan,nan,nan,nan,
RIRE_CT_MRI,patient_101_RIRET2__CT_to_MRI_mixed,modified_full,/data/bianfeng/yixueOT/new_code_test/experiment_batches/processed/RIRE_CT_MRI/patient_101_RIRET2__CT_to_MRI_mixed.npz,/data/bianfeng/yixueOT/new_code_test/registration_results/modified_full/data/patient_101_RIRET2_CT_to_MRI_mixed_result.mat,success,2.329658,9.467269116405754,nan,nan,nan,nan,nan,nan,
RIRE_CT_MRI,patient_101_RIRET2__CT_to_MRI_mixed,random_baseline,/data/bianfeng/yixueOT/new_code_test/experiment_batches/processed/RIRE_CT_MRI/patient_101_RIRET2__CT_to_MRI_mixed.npz,/data/bianfeng/yixueOT/new_code_test/registration_results/random_baseline/data/patient_101_RIRET2_CT_to_MRI_mixed_result.mat,success,0.900202,9.735655549656732,nan,nan,nan,nan,nan,nan,
RIRE_CT_MRI,patient_101_RIRET2__CT_to_MRI_mixed,icp,/data/bianfeng/yixueOT/new_code_test/experiment_batches/processed/RIRE_CT_MRI/patient_101_RIRET2__CT_to_MRI_mixed.npz,/data/bianfeng/yixueOT/new_code_test/compare_results/icp/RIRE_CT_MRI/patient_101_RIRET2__CT_to_MRI_mixed_icp.npz,success,1.8808963298797607,9.316749266272149,nan,nan,nan,nan,nan,nan,
RIRE_CT_MRI,patient_101_RIRET2__CT_to_MRI_mixed,fgr,/data/bianfeng/yixueOT/new_code_test/experiment_batches/processed/RIRE_CT_MRI/patient_101_RIRET2__CT_to_MRI_mixed.npz,/data/bianfeng/yixueOT/new_code_test/compare_results/fgr/RIRE_CT_MRI/patient_101_RIRET2__CT_to_MRI_mixed_fgr.npz,success,0.7820754051208496,11.208756588899885,nan,nan,nan,nan,nan,nan,
RIRE_CT_MRI,patient_101_RIRET2__CT_to_MRI_mixed,ants,/data/bianfeng/yixueOT/new_code_test/experiment_batches/processed/RIRE_CT_MRI/patient_101_RIRET2__CT_to_MRI_mixed.npz,/data/bianfeng/yixueOT/new_code_test/compare_results/ants/RIRE_CT_MRI/patient_101_RIRET2__CT_to_MRI_mixed_ants.npz,success,3.3417043685913086,14.80292816252704,nan,nan,nan,nan,nan,nan,
RIRE_CT_MRI,patient_102_RIREPD__CT_to_MRI_mixed,modified,/data/bianfeng/yixueOT/new_code_test/experiment_batches/processed/RIRE_CT_MRI/patient_102_RIREPD__CT_to_MRI_mixed.npz,/data/bianfeng/yixueOT/new_code_test/registration_results/modified/data/patient_102_RIREPD_CT_to_MRI_mixed_result.mat,success,0.924161,11.361533409180602,nan,nan,nan,nan,nan,nan,
RIRE_CT_MRI,patient_102_RIREPD__CT_to_MRI_mixed,modified_full,/data/bianfeng/yixueOT/new_code_test/experiment_batches/processed/RIRE_CT_MRI/patient_102_RIREPD__CT_to_MRI_mixed.npz,/data/bianfeng/yixueOT/new_code_test/registration_results/modified_full/data/patient_102_RIREPD_CT_to_MRI_mixed_result.mat,success,2.684531,11.232484055123502,nan,nan,nan,nan,nan,nan,
RIRE_CT_MRI,patient_102_RIREPD__CT_to_MRI_mixed,random_baseline,/data/bianfeng/yixueOT/new_code_test/experiment_batches/processed/RIRE_CT_MRI/patient_102_RIREPD__CT_to_MRI_mixed.npz,/data/bianfeng/yixueOT/new_code_test/registration_results/random_baseline/data/patient_102_RIREPD_CT_to_MRI_mixed_result.mat,success,1.334494,11.09845001204563,nan,nan,nan,nan,nan,nan,
RIRE_CT_MRI,patient_102_RIREPD__CT_to_MRI_mixed,icp,/data/bianfeng/yixueOT/new_code_test/experiment_batches/processed/RIRE_CT_MRI/patient_102_RIREPD__CT_to_MRI_mixed.npz,/data/bianfeng/yixueOT/new_code_test/compare_results/icp/RIRE_CT_MRI/patient_102_RIREPD__CT_to_MRI_mixed_icp.npz,success,2.220449447631836,12.213671694237313,nan,nan,nan,nan,nan,nan,
RIRE_CT_MRI,patient_102_RIREPD__CT_to_MRI_mixed,fgr,/data/bianfeng/yixueOT/new_code_test/experiment_batches/processed/RIRE_CT_MRI/patient_102_RIREPD__CT_to_MRI_mixed.npz,/data/bianfeng/yixueOT/new_code_test/compare_results/fgr/RIRE_CT_MRI/patient_102_RIREPD__CT_to_MRI_mixed_fgr.npz,success,1.0607693195343018,19.43331871621398,nan,nan,nan,nan,nan,nan,
RIRE_CT_MRI,patient_102_RIREPD__CT_to_MRI_mixed,ants,/data/bianfeng/yixueOT/new_code_test/experiment_batches/processed/RIRE_CT_MRI/patient_102_RIREPD__CT_to_MRI_mixed.npz,/data/bianfeng/yixueOT/new_code_test/compare_results/ants/RIRE_CT_MRI/patient_102_RIREPD__CT_to_MRI_mixed_ants.npz,success,3.4532694816589355,14.669968361639931,nan,nan,nan,nan,nan,nan,
RIRE_CT_MRI,patient_102_RIRET1__CT_to_MRI_mixed,modified,/data/bianfeng/yixueOT/new_code_test/experiment_batches/processed/RIRE_CT_MRI/patient_102_RIRET1__CT_to_MRI_mixed.npz,/data/bianfeng/yixueOT/new_code_test/registration_results/modified/data/patient_102_RIRET1_CT_to_MRI_mixed_result.mat,success,0.948325,11.229848793933032,nan,nan,nan,nan,nan,nan,
RIRE_CT_MRI,patient_102_RIRET1__CT_to_MRI_mixed,modified_full,/data/bianfeng/yixueOT/new_code_test/experiment_batches/processed/RIRE_CT_MRI/patient_102_RIRET1__CT_to_MRI_mixed.npz,/data/bianfeng/yixueOT/new_code_test/registration_results/modified_full/data/patient_102_RIRET1_CT_to_MRI_mixed_result.mat,success,2.795199,11.055034616472446,nan,nan,nan,nan,nan,nan,
RIRE_CT_MRI,patient_102_RIRET1__CT_to_MRI_mixed,random_baseline,/data/bianfeng/yixueOT/new_code_test/experiment_batches/processed/RIRE_CT_MRI/patient_102_RIRET1__CT_to_MRI_mixed.npz,/data/bianfeng/yixueOT/new_code_test/registration_results/random_baseline/data/patient_102_RIRET1_CT_to_MRI_mixed_result.mat,success,1.041935,11.088356262829274,nan,nan,nan,nan,nan,nan,
RIRE_CT_MRI,patient_102_RIRET1__CT_to_MRI_mixed,icp,/data/bianfeng/yixueOT/new_code_test/experiment_batches/processed/RIRE_CT_MRI/patient_102_RIRET1__CT_to_MRI_mixed.npz,/data/bianfeng/yixueOT/new_code_test/compare_results/icp/RIRE_CT_MRI/patient_102_RIRET1__CT_to_MRI_mixed_icp.npz,success,2.274984836578369,11.924398094749808,nan,nan,nan,nan,nan,nan,
RIRE_CT_MRI,patient_102_RIRET1__CT_to_MRI_mixed,fgr,/data/bianfeng/yixueOT/new_code_test/experiment_batches/processed/RIRE_CT_MRI/patient_102_RIRET1__CT_to_MRI_mixed.npz,/data/bianfeng/yixueOT/new_code_test/compare_results/fgr/RIRE_CT_MRI/patient_102_RIRET1__CT_to_MRI_mixed_fgr.npz,success,0.9993326663970947,14.968445518382772,nan,nan,nan,nan,nan,nan,
RIRE_CT_MRI,patient_102_RIRET1__CT_to_MRI_mixed,ants,/data/bianfeng/yixueOT/new_code_test/experiment_batches/processed/RIRE_CT_MRI/patient_102_RIRET1__CT_to_MRI_mixed.npz,/data/bianfeng/yixueOT/new_code_test/compare_results/ants/RIRE_CT_MRI/patient_102_RIRET1__CT_to_MRI_mixed_ants.npz,success,3.2571539878845215,14.722132313863389,nan,nan,nan,nan,nan,nan,
RIRE_CT_MRI,patient_102_RIRET2__CT_to_MRI_mixed,modified,/data/bianfeng/yixueOT/new_code_test/experiment_batches/processed/RIRE_CT_MRI/patient_102_RIRET2__CT_to_MRI_mixed.npz,/data/bianfeng/yixueOT/new_code_test/registration_results/modified/data/patient_102_RIRET2_CT_to_MRI_mixed_result.mat,success,0.952025,12.473925354118931,nan,nan,nan,nan,nan,nan,
RIRE_CT_MRI,patient_102_RIRET2__CT_to_MRI_mixed,modified_full,/data/bianfeng/yixueOT/new_code_test/experiment_batches/processed/RIRE_CT_MRI/patient_102_RIRET2__CT_to_MRI_mixed.npz,/data/bianfeng/yixueOT/new_code_test/registration_results/modified_full/data/patient_102_RIRET2_CT_to_MRI_mixed_result.mat,success,2.55303,12.501507644663118,nan,nan,nan,nan,nan,nan,
RIRE_CT_MRI,patient_102_RIRET2__CT_to_MRI_mixed,random_baseline,/data/bianfeng/yixueOT/new_code_test/experiment_batches/processed/RIRE_CT_MRI/patient_102_RIRET2__CT_to_MRI_mixed.npz,/data/bianfeng/yixueOT/new_code_test/registration_results/random_baseline/data/patient_102_RIRET2_CT_to_MRI_mixed_result.mat,success,1.214312,12.643284781378432,nan,nan,nan,nan,nan,nan,
RIRE_CT_MRI,patient_102_RIRET2__CT_to_MRI_mixed,icp,/data/bianfeng/yixueOT/new_code_test/experiment_batches/processed/RIRE_CT_MRI/patient_102_RIRET2__CT_to_MRI_mixed.npz,/data/bianfeng/yixueOT/new_code_test/compare_results/icp/RIRE_CT_MRI/patient_102_RIRET2__CT_to_MRI_mixed_icp.npz,success,2.5400938987731934,13.411383888720474,nan,nan,nan,nan,nan,nan,
RIRE_CT_MRI,patient_102_RIRET2__CT_to_MRI_mixed,fgr,/data/bianfeng/yixueOT/new_code_test/experiment_batches/processed/RIRE_CT_MRI/patient_102_RIRET2__CT_to_MRI_mixed.npz,/data/bianfeng/yixueOT/new_code_test/compare_results/fgr/RIRE_CT_MRI/patient_102_RIRET2__CT_to_MRI_mixed_fgr.npz,success,1.0785202980041504,16.69864379712484,nan,nan,nan,nan,nan,nan,
RIRE_CT_MRI,patient_102_RIRET2__CT_to_MRI_mixed,ants,/data/bianfeng/yixueOT/new_code_test/experiment_batches/processed/RIRE_CT_MRI/patient_102_RIRET2__CT_to_MRI_mixed.npz,/data/bianfeng/yixueOT/new_code_test/compare_results/ants/RIRE_CT_MRI/patient_102_RIRET2__CT_to_MRI_mixed_ants.npz,success,3.7642362117767334,15.743830535170662,nan,nan,nan,nan,nan,nan,
RIRE_CT_MRI,patient_103_RIREPD__CT_to_MRI_mixed,modified,/data/bianfeng/yixueOT/new_code_test/experiment_batches/processed/RIRE_CT_MRI/patient_103_RIREPD__CT_to_MRI_mixed.npz,/data/bianfeng/yixueOT/new_code_test/registration_results/modified/data/patient_103_RIREPD_CT_to_MRI_mixed_result.mat,success,0.864282,4.8110914977359664,nan,nan,nan,nan,nan,nan,
RIRE_CT_MRI,patient_103_RIREPD__CT_to_MRI_mixed,modified_full,/data/bianfeng/yixueOT/new_code_test/experiment_batches/processed/RIRE_CT_MRI/patient_103_RIREPD__CT_to_MRI_mixed.npz,/data/bianfeng/yixueOT/new_code_test/registration_results/modified_full/data/patient_103_RIREPD_CT_to_MRI_mixed_result.mat,success,2.380996,4.74027111744589,nan,nan,nan,nan,nan,nan,
RIRE_CT_MRI,patient_103_RIREPD__CT_to_MRI_mixed,random_baseline,/data/bianfeng/yixueOT/new_code_test/experiment_batches/processed/RIRE_CT_MRI/patient_103_RIREPD__CT_to_MRI_mixed.npz,/data/bianfeng/yixueOT/new_code_test/registration_results/random_baseline/data/patient_103_RIREPD_CT_to_MRI_mixed_result.mat,success,1.100047,4.805471597634896,nan,nan,nan,nan,nan,nan,
RIRE_CT_MRI,patient_103_RIREPD__CT_to_MRI_mixed,icp,/data/bianfeng/yixueOT/new_code_test/experiment_batches/processed/RIRE_CT_MRI/patient_103_RIREPD__CT_to_MRI_mixed.npz,/data/bianfeng/yixueOT/new_code_test/compare_results/icp/RIRE_CT_MRI/patient_103_RIREPD__CT_to_MRI_mixed_icp.npz,success,2.1040756702423096,4.83312784313375,nan,nan,nan,nan,nan,nan,
RIRE_CT_MRI,patient_103_RIREPD__CT_to_MRI_mixed,fgr,/data/bianfeng/yixueOT/new_code_test/experiment_batches/processed/RIRE_CT_MRI/patient_103_RIREPD__CT_to_MRI_mixed.npz,/data/bianfeng/yixueOT/new_code_test/compare_results/fgr/RIRE_CT_MRI/patient_103_RIREPD__CT_to_MRI_mixed_fgr.npz,success,0.5913915634155273,4.393676492030253,nan,nan,nan,nan,nan,nan,
RIRE_CT_MRI,patient_103_RIREPD__CT_to_MRI_mixed,ants,/data/bianfeng/yixueOT/new_code_test/experiment_batches/processed/RIRE_CT_MRI/patient_103_RIREPD__CT_to_MRI_mixed.npz,/data/bianfeng/yixueOT/new_code_test/compare_results/ants/RIRE_CT_MRI/patient_103_RIREPD__CT_to_MRI_mixed_ants.npz,success,3.2429254055023193,13.506765718006037,nan,nan,nan,nan,nan,nan,
RIRE_CT_MRI,patient_103_RIRET1__CT_to_MRI_mixed,modified,/data/bianfeng/yixueOT/new_code_test/experiment_batches/processed/RIRE_CT_MRI/patient_103_RIRET1__CT_to_MRI_mixed.npz,/data/bianfeng/yixueOT/new_code_test/registration_results/modified/data/patient_103_RIRET1_CT_to_MRI_mixed_result.mat,success,0.776948,4.779764226236024,nan,nan,nan,nan,nan,nan,
RIRE_CT_MRI,patient_103_RIRET1__CT_to_MRI_mixed,modified_full,/data/bianfeng/yixueOT/new_code_test/experiment_batches/processed/RIRE_CT_MRI/patient_103_RIRET1__CT_to_MRI_mixed.npz,/data/bianfeng/yixueOT/new_code_test/registration_results/modified_full/data/patient_103_RIRET1_CT_to_MRI_mixed_result.mat,success,2.536911,4.518642958711981,nan,nan,nan,nan,nan,nan,
RIRE_CT_MRI,patient_103_RIRET1__CT_to_MRI_mixed,random_baseline,/data/bianfeng/yixueOT/new_code_test/experiment_batches/processed/RIRE_CT_MRI/patient_103_RIRET1__CT_to_MRI_mixed.npz,/data/bianfeng/yixueOT/new_code_test/registration_results/random_baseline/data/patient_103_RIRET1_CT_to_MRI_mixed_result.mat,success,0.824803,4.295526124009109,nan,nan,nan,nan,nan,nan,
RIRE_CT_MRI,patient_103_RIRET1__CT_to_MRI_mixed,icp,/data/bianfeng/yixueOT/new_code_test/experiment_batches/processed/RIRE_CT_MRI/patient_103_RIRET1__CT_to_MRI_mixed.npz,/data/bianfeng/yixueOT/new_code_test/compare_results/icp/RIRE_CT_MRI/patient_103_RIRET1__CT_to_MRI_mixed_icp.npz,success,2.1357147693634033,4.974509740632927,nan,nan,nan,nan,nan,nan,
RIRE_CT_MRI,patient_103_RIRET1__CT_to_MRI_mixed,fgr,/data/bianfeng/yixueOT/new_code_test/experiment_batches/processed/RIRE_CT_MRI/patient_103_RIRET1__CT_to_MRI_mixed.npz,/data/bianfeng/yixueOT/new_code_test/compare_results/fgr/RIRE_CT_MRI/patient_103_RIRET1__CT_to_MRI_mixed_fgr.npz,success,0.5480103492736816,4.369255225472077,nan,nan,nan,nan,nan,nan,
RIRE_CT_MRI,patient_103_RIRET1__CT_to_MRI_mixed,ants,/data/bianfeng/yixueOT/new_code_test/experiment_batches/processed/RIRE_CT_MRI/patient_103_RIRET1__CT_to_MRI_mixed.npz,/data/bianfeng/yixueOT/new_code_test/compare_results/ants/RIRE_CT_MRI/patient_103_RIRET1__CT_to_MRI_mixed_ants.npz,success,3.6365935802459717,14.100952298441863,nan,nan,nan,nan,nan,nan,
RIRE_CT_MRI,patient_104_RIREPD__CT_to_MRI_mixed,modified,/data/bianfeng/yixueOT/new_code_test/experiment_batches/processed/RIRE_CT_MRI/patient_104_RIREPD__CT_to_MRI_mixed.npz,/data/bianfeng/yixueOT/new_code_test/registration_results/modified/data/patient_104_RIREPD_CT_to_MRI_mixed_result.mat,success,0.915631,4.0804953861792,nan,nan,nan,nan,nan,nan,
RIRE_CT_MRI,patient_104_RIREPD__CT_to_MRI_mixed,modified_full,/data/bianfeng/yixueOT/new_code_test/experiment_batches/processed/RIRE_CT_MRI/patient_104_RIREPD__CT_to_MRI_mixed.npz,/data/bianfeng/yixueOT/new_code_test/registration_results/modified_full/data/patient_104_RIREPD_CT_to_MRI_mixed_result.mat,success,2.770613,3.907593944247209,nan,nan,nan,nan,nan,nan,
RIRE_CT_MRI,patient_104_RIREPD__CT_to_MRI_mixed,random_baseline,/data/bianfeng/yixueOT/new_code_test/experiment_batches/processed/RIRE_CT_MRI/patient_104_RIREPD__CT_to_MRI_mixed.npz,/data/bianfeng/yixueOT/new_code_test/registration_results/random_baseline/data/patient_104_RIREPD_CT_to_MRI_mixed_result.mat,success,0.983142,4.605958423110324,nan,nan,nan,nan,nan,nan,
RIRE_CT_MRI,patient_104_RIREPD__CT_to_MRI_mixed,icp,/data/bianfeng/yixueOT/new_code_test/experiment_batches/processed/RIRE_CT_MRI/patient_104_RIREPD__CT_to_MRI_mixed.npz,/data/bianfeng/yixueOT/new_code_test/compare_results/icp/RIRE_CT_MRI/patient_104_RIREPD__CT_to_MRI_mixed_icp.npz,success,1.5889313220977783,3.6736506802329445,nan,nan,nan,nan,nan,nan,
RIRE_CT_MRI,patient_104_RIREPD__CT_to_MRI_mixed,fgr,/data/bianfeng/yixueOT/new_code_test/experiment_batches/processed/RIRE_CT_MRI/patient_104_RIREPD__CT_to_MRI_mixed.npz,/data/bianfeng/yixueOT/new_code_test/compare_results/fgr/RIRE_CT_MRI/patient_104_RIREPD__CT_to_MRI_mixed_fgr.npz,success,0.7503097057342529,10.250196585144213,nan,nan,nan,nan,nan,nan,
RIRE_CT_MRI,patient_104_RIREPD__CT_to_MRI_mixed,ants,/data/bianfeng/yixueOT/new_code_test/experiment_batches/processed/RIRE_CT_MRI/patient_104_RIREPD__CT_to_MRI_mixed.npz,/data/bianfeng/yixueOT/new_code_test/compare_results/ants/RIRE_CT_MRI/patient_104_RIREPD__CT_to_MRI_mixed_ants.npz,success,3.365078926086426,7.571480282374232,nan,nan,nan,nan,nan,nan,
RIRE_CT_MRI,patient_104_RIRET1__CT_to_MRI_mixed,modified,/data/bianfeng/yixueOT/new_code_test/experiment_batches/processed/RIRE_CT_MRI/patient_104_RIRET1__CT_to_MRI_mixed.npz,/data/bianfeng/yixueOT/new_code_test/registration_results/modified/data/patient_104_RIRET1_CT_to_MRI_mixed_result.mat,success,0.872907,4.551903210846642,nan,nan,nan,nan,nan,nan,
RIRE_CT_MRI,patient_104_RIRET1__CT_to_MRI_mixed,modified_full,/data/bianfeng/yixueOT/new_code_test/experiment_batches/processed/RIRE_CT_MRI/patient_104_RIRET1__CT_to_MRI_mixed.npz,/data/bianfeng/yixueOT/new_code_test/registration_results/modified_full/data/patient_104_RIRET1_CT_to_MRI_mixed_result.mat,success,2.48473,3.9407697564610022,nan,nan,nan,nan,nan,nan,
RIRE_CT_MRI,patient_104_RIRET1__CT_to_MRI_mixed,random_baseline,/data/bianfeng/yixueOT/new_code_test/experiment_batches/processed/RIRE_CT_MRI/patient_104_RIRET1__CT_to_MRI_mixed.npz,/data/bianfeng/yixueOT/new_code_test/registration_results/random_baseline/data/patient_104_RIRET1_CT_to_MRI_mixed_result.mat,success,0.547228,3.9930726459279593,nan,nan,nan,nan,nan,nan,
RIRE_CT_MRI,patient_104_RIRET1__CT_to_MRI_mixed,icp,/data/bianfeng/yixueOT/new_code_test/experiment_batches/processed/RIRE_CT_MRI/patient_104_RIRET1__CT_to_MRI_mixed.npz,/data/bianfeng/yixueOT/new_code_test/compare_results/icp/RIRE_CT_MRI/patient_104_RIRET1__CT_to_MRI_mixed_icp.npz,success,1.9994816780090332,3.578564437130506,nan,nan,nan,nan,nan,nan,
RIRE_CT_MRI,patient_104_RIRET1__CT_to_MRI_mixed,fgr,/data/bianfeng/yixueOT/new_code_test/experiment_batches/processed/RIRE_CT_MRI/patient_104_RIRET1__CT_to_MRI_mixed.npz,/data/bianfeng/yixueOT/new_code_test/compare_results/fgr/RIRE_CT_MRI/patient_104_RIRET1__CT_to_MRI_mixed_fgr.npz,success,0.8175055980682373,9.13547139701463,nan,nan,nan,nan,nan,nan,
RIRE_CT_MRI,patient_104_RIRET1__CT_to_MRI_mixed,ants,/data/bianfeng/yixueOT/new_code_test/experiment_batches/processed/RIRE_CT_MRI/patient_104_RIRET1__CT_to_MRI_mixed.npz,/data/bianfeng/yixueOT/new_code_test/compare_results/ants/RIRE_CT_MRI/patient_104_RIRET1__CT_to_MRI_mixed_ants.npz,success,3.3086280822753906,7.455919205985958,nan,nan,nan,nan,nan,nan,
RIRE_CT_MRI,patient_104_RIRET2__CT_to_MRI_mixed,modified,/data/bianfeng/yixueOT/new_code_test/experiment_batches/processed/RIRE_CT_MRI/patient_104_RIRET2__CT_to_MRI_mixed.npz,/data/bianfeng/yixueOT/new_code_test/registration_results/modified/data/patient_104_RIRET2_CT_to_MRI_mixed_result.mat,success,0.785437,5.4845967663171775,nan,nan,nan,nan,nan,nan,
RIRE_CT_MRI,patient_104_RIRET2__CT_to_MRI_mixed,modified_full,/data/bianfeng/yixueOT/new_code_test/experiment_batches/processed/RIRE_CT_MRI/patient_104_RIRET2__CT_to_MRI_mixed.npz,/data/bianfeng/yixueOT/new_code_test/registration_results/modified_full/data/patient_104_RIRET2_CT_to_MRI_mixed_result.mat,success,2.434633,5.343240311568841,nan,nan,nan,nan,nan,nan,
RIRE_CT_MRI,patient_104_RIRET2__CT_to_MRI_mixed,random_baseline,/data/bianfeng/yixueOT/new_code_test/experiment_batches/processed/RIRE_CT_MRI/patient_104_RIRET2__CT_to_MRI_mixed.npz,/data/bianfeng/yixueOT/new_code_test/registration_results/random_baseline/data/patient_104_RIRET2_CT_to_MRI_mixed_result.mat,success,1.030179,5.502449147897214,nan,nan,nan,nan,nan,nan,
RIRE_CT_MRI,patient_104_RIRET2__CT_to_MRI_mixed,icp,/data/bianfeng/yixueOT/new_code_test/experiment_batches/processed/RIRE_CT_MRI/patient_104_RIRET2__CT_to_MRI_mixed.npz,/data/bianfeng/yixueOT/new_code_test/compare_results/icp/RIRE_CT_MRI/patient_104_RIRET2__CT_to_MRI_mixed_icp.npz,success,1.931236743927002,4.89611118762837,nan,nan,nan,nan,nan,nan,
RIRE_CT_MRI,patient_104_RIRET2__CT_to_MRI_mixed,fgr,/data/bianfeng/yixueOT/new_code_test/experiment_batches/processed/RIRE_CT_MRI/patient_104_RIRET2__CT_to_MRI_mixed.npz,/data/bianfeng/yixueOT/new_code_test/compare_results/fgr/RIRE_CT_MRI/patient_104_RIRET2__CT_to_MRI_mixed_fgr.npz,success,0.7569780349731445,11.248658723895922,nan,nan,nan,nan,nan,nan,
RIRE_CT_MRI,patient_104_RIRET2__CT_to_MRI_mixed,ants,/data/bianfeng/yixueOT/new_code_test/experiment_batches/processed/RIRE_CT_MRI/patient_104_RIRET2__CT_to_MRI_mixed.npz,/data/bianfeng/yixueOT/new_code_test/compare_results/ants/RIRE_CT_MRI/patient_104_RIRET2__CT_to_MRI_mixed_ants.npz,success,3.957223892211914,8.250085756389447,nan,nan,nan,nan,nan,nan,
RIRE_CT_MRI,patient_105_RIRET1__CT_to_MRI_mixed,modified,/data/bianfeng/yixueOT/new_code_test/experiment_batches/processed/RIRE_CT_MRI/patient_105_RIRET1__CT_to_MRI_mixed.npz,/data/bianfeng/yixueOT/new_code_test/registration_results/modified/data/patient_105_RIRET1_CT_to_MRI_mixed_result.mat,success,0.741747,4.908853525248006,nan,nan,nan,nan,nan,nan,
RIRE_CT_MRI,patient_105_RIRET1__CT_to_MRI_mixed,modified_full,/data/bianfeng/yixueOT/new_code_test/experiment_batches/processed/RIRE_CT_MRI/patient_105_RIRET1__CT_to_MRI_mixed.npz,/data/bianfeng/yixueOT/new_code_test/registration_results/modified_full/data/patient_105_RIRET1_CT_to_MRI_mixed_result.mat,success,2.723117,4.890451475912593,nan,nan,nan,nan,nan,nan,
RIRE_CT_MRI,patient_105_RIRET1__CT_to_MRI_mixed,random_baseline,/data/bianfeng/yixueOT/new_code_test/experiment_batches/processed/RIRE_CT_MRI/patient_105_RIRET1__CT_to_MRI_mixed.npz,/data/bianfeng/yixueOT/new_code_test/registration_results/random_baseline/data/patient_105_RIRET1_CT_to_MRI_mixed_result.mat,success,1.042375,4.82284737468907,nan,nan,nan,nan,nan,nan,
RIRE_CT_MRI,patient_105_RIRET1__CT_to_MRI_mixed,icp,/data/bianfeng/yixueOT/new_code_test/experiment_batches/processed/RIRE_CT_MRI/patient_105_RIRET1__CT_to_MRI_mixed.npz,/data/bianfeng/yixueOT/new_code_test/compare_results/icp/RIRE_CT_MRI/patient_105_RIRET1__CT_to_MRI_mixed_icp.npz,success,2.027554750442505,4.616281420216353,nan,nan,nan,nan,nan,nan,
RIRE_CT_MRI,patient_105_RIRET1__CT_to_MRI_mixed,fgr,/data/bianfeng/yixueOT/new_code_test/experiment_batches/processed/RIRE_CT_MRI/patient_105_RIRET1__CT_to_MRI_mixed.npz,/data/bianfeng/yixueOT/new_code_test/compare_results/fgr/RIRE_CT_MRI/patient_105_RIRET1__CT_to_MRI_mixed_fgr.npz,success,0.6691904067993164,9.2235310618014,nan,nan,nan,nan,nan,nan,
RIRE_CT_MRI,patient_105_RIRET1__CT_to_MRI_mixed,ants,/data/bianfeng/yixueOT/new_code_test/experiment_batches/processed/RIRE_CT_MRI/patient_105_RIRET1__CT_to_MRI_mixed.npz,/data/bianfeng/yixueOT/new_code_test/compare_results/ants/RIRE_CT_MRI/patient_105_RIRET1__CT_to_MRI_mixed_ants.npz,success,3.7903366088867188,18.918656725042105,nan,nan,nan,nan,nan,nan,
RIRE_CT_MRI,patient_105_RIRET2__CT_to_MRI_mixed,modified,/data/bianfeng/yixueOT/new_code_test/experiment_batches/processed/RIRE_CT_MRI/patient_105_RIRET2__CT_to_MRI_mixed.npz,/data/bianfeng/yixueOT/new_code_test/registration_results/modified/data/patient_105_RIRET2_CT_to_MRI_mixed_result.mat,success,0.915031,5.04951662722563,nan,nan,nan,nan,nan,nan,
RIRE_CT_MRI,patient_105_RIRET2__CT_to_MRI_mixed,modified_full,/data/bianfeng/yixueOT/new_code_test/experiment_batches/processed/RIRE_CT_MRI/patient_105_RIRET2__CT_to_MRI_mixed.npz,/data/bianfeng/yixueOT/new_code_test/registration_results/modified_full/data/patient_105_RIRET2_CT_to_MRI_mixed_result.mat,success,2.481463,5.009988857847574,nan,nan,nan,nan,nan,nan,
RIRE_CT_MRI,patient_105_RIRET2__CT_to_MRI_mixed,random_baseline,/data/bianfeng/yixueOT/new_code_test/experiment_batches/processed/RIRE_CT_MRI/patient_105_RIRET2__CT_to_MRI_mixed.npz,/data/bianfeng/yixueOT/new_code_test/registration_results/random_baseline/data/patient_105_RIRET2_CT_to_MRI_mixed_result.mat,success,0.78373,5.001134192446888,nan,nan,nan,nan,nan,nan,
RIRE_CT_MRI,patient_105_RIRET2__CT_to_MRI_mixed,icp,/data/bianfeng/yixueOT/new_code_test/experiment_batches/processed/RIRE_CT_MRI/patient_105_RIRET2__CT_to_MRI_mixed.npz,/data/bianfeng/yixueOT/new_code_test/compare_results/icp/RIRE_CT_MRI/patient_105_RIRET2__CT_to_MRI_mixed_icp.npz,success,2.1287097930908203,4.918217602214954,nan,nan,nan,nan,nan,nan,
RIRE_CT_MRI,patient_105_RIRET2__CT_to_MRI_mixed,fgr,/data/bianfeng/yixueOT/new_code_test/experiment_batches/processed/RIRE_CT_MRI/patient_105_RIRET2__CT_to_MRI_mixed.npz,/data/bianfeng/yixueOT/new_code_test/compare_results/fgr/RIRE_CT_MRI/patient_105_RIRET2__CT_to_MRI_mixed_fgr.npz,success,0.6316952705383301,5.644255899253876,nan,nan,nan,nan,nan,nan,
RIRE_CT_MRI,patient_105_RIRET2__CT_to_MRI_mixed,ants,/data/bianfeng/yixueOT/new_code_test/experiment_batches/processed/RIRE_CT_MRI/patient_105_RIRET2__CT_to_MRI_mixed.npz,/data/bianfeng/yixueOT/new_code_test/compare_results/ants/RIRE_CT_MRI/patient_105_RIRET2__CT_to_MRI_mixed_ants.npz,success,3.3578743934631348,19.59760874147586,nan,nan,nan,nan,nan,nan,
RIRE_CT_MRI,patient_106_RIRET1__CT_to_MRI_mixed,modified,/data/bianfeng/yixueOT/new_code_test/experiment_batches/processed/RIRE_CT_MRI/patient_106_RIRET1__CT_to_MRI_mixed.npz,/data/bianfeng/yixueOT/new_code_test/registration_results/modified/data/patient_106_RIRET1_CT_to_MRI_mixed_result.mat,success,0.721505,4.871065951970023,nan,nan,nan,nan,nan,nan,
RIRE_CT_MRI,patient_106_RIRET1__CT_to_MRI_mixed,modified_full,/data/bianfeng/yixueOT/new_code_test/experiment_batches/processed/RIRE_CT_MRI/patient_106_RIRET1__CT_to_MRI_mixed.npz,/data/bianfeng/yixueOT/new_code_test/registration_results/modified_full/data/patient_106_RIRET1_CT_to_MRI_mixed_result.mat,success,2.661349,4.8281773135698325,nan,nan,nan,nan,nan,nan,
RIRE_CT_MRI,patient_106_RIRET1__CT_to_MRI_mixed,random_baseline,/data/bianfeng/yixueOT/new_code_test/experiment_batches/processed/RIRE_CT_MRI/patient_106_RIRET1__CT_to_MRI_mixed.npz,/data/bianfeng/yixueOT/new_code_test/registration_results/random_baseline/data/patient_106_RIRET1_CT_to_MRI_mixed_result.mat,success,1.324588,4.928855977890172,nan,nan,nan,nan,nan,nan,
RIRE_CT_MRI,patient_106_RIRET1__CT_to_MRI_mixed,icp,/data/bianfeng/yixueOT/new_code_test/experiment_batches/processed/RIRE_CT_MRI/patient_106_RIRET1__CT_to_MRI_mixed.npz,/data/bianfeng/yixueOT/new_code_test/compare_results/icp/RIRE_CT_MRI/patient_106_RIRET1__CT_to_MRI_mixed_icp.npz,success,2.0207722187042236,4.857340793272497,nan,nan,nan,nan,nan,nan,
RIRE_CT_MRI,patient_106_RIRET1__CT_to_MRI_mixed,fgr,/data/bianfeng/yixueOT/new_code_test/experiment_batches/processed/RIRE_CT_MRI/patient_106_RIRET1__CT_to_MRI_mixed.npz,/data/bianfeng/yixueOT/new_code_test/compare_results/fgr/RIRE_CT_MRI/patient_106_RIRET1__CT_to_MRI_mixed_fgr.npz,success,0.607551097869873,7.294325523476114,nan,nan,nan,nan,nan,nan,
RIRE_CT_MRI,patient_106_RIRET1__CT_to_MRI_mixed,ants,/data/bianfeng/yixueOT/new_code_test/experiment_batches/processed/RIRE_CT_MRI/patient_106_RIRET1__CT_to_MRI_mixed.npz,/data/bianfeng/yixueOT/new_code_test/compare_results/ants/RIRE_CT_MRI/patient_106_RIRET1__CT_to_MRI_mixed_ants.npz,success,3.5363545417785645,15.225384646073723,nan,nan,nan,nan,nan,nan,
RIRE_CT_MRI,patient_106_RIRET2__CT_to_MRI_mixed,modified,/data/bianfeng/yixueOT/new_code_test/experiment_batches/processed/RIRE_CT_MRI/patient_106_RIRET2__CT_to_MRI_mixed.npz,/data/bianfeng/yixueOT/new_code_test/registration_results/modified/data/patient_106_RIRET2_CT_to_MRI_mixed_result.mat,success,0.605236,5.944532743657935,nan,nan,nan,nan,nan,nan,
RIRE_CT_MRI,patient_106_RIRET2__CT_to_MRI_mixed,modified_full,/data/bianfeng/yixueOT/new_code_test/experiment_batches/processed/RIRE_CT_MRI/patient_106_RIRET2__CT_to_MRI_mixed.npz,/data/bianfeng/yixueOT/new_code_test/registration_results/modified_full/data/patient_106_RIRET2_CT_to_MRI_mixed_result.mat,success,2.546679,6.030106148233634,nan,nan,nan,nan,nan,nan,
RIRE_CT_MRI,patient_106_RIRET2__CT_to_MRI_mixed,random_baseline,/data/bianfeng/yixueOT/new_code_test/experiment_batches/processed/RIRE_CT_MRI/patient_106_RIRET2__CT_to_MRI_mixed.npz,/data/bianfeng/yixueOT/new_code_test/registration_results/random_baseline/data/patient_106_RIRET2_CT_to_MRI_mixed_result.mat,success,0.949926,5.982044543523982,nan,nan,nan,nan,nan,nan,
RIRE_CT_MRI,patient_106_RIRET2__CT_to_MRI_mixed,icp,/data/bianfeng/yixueOT/new_code_test/experiment_batches/processed/RIRE_CT_MRI/patient_106_RIRET2__CT_to_MRI_mixed.npz,/data/bianfeng/yixueOT/new_code_test/compare_results/icp/RIRE_CT_MRI/patient_106_RIRET2__CT_to_MRI_mixed_icp.npz,success,2.1695847511291504,5.785773568160651,nan,nan,nan,nan,nan,nan,
RIRE_CT_MRI,patient_106_RIRET2__CT_to_MRI_mixed,fgr,/data/bianfeng/yixueOT/new_code_test/experiment_batches/processed/RIRE_CT_MRI/patient_106_RIRET2__CT_to_MRI_mixed.npz,/data/bianfeng/yixueOT/new_code_test/compare_results/fgr/RIRE_CT_MRI/patient_106_RIRET2__CT_to_MRI_mixed_fgr.npz,success,0.7316932678222656,8.444462724824733,nan,nan,nan,nan,nan,nan,
RIRE_CT_MRI,patient_106_RIRET2__CT_to_MRI_mixed,ants,/data/bianfeng/yixueOT/new_code_test/experiment_batches/processed/RIRE_CT_MRI/patient_106_RIRET2__CT_to_MRI_mixed.npz,/data/bianfeng/yixueOT/new_code_test/compare_results/ants/RIRE_CT_MRI/patient_106_RIRET2__CT_to_MRI_mixed_ants.npz,success,3.350585460662842,15.841802247430907,nan,nan,nan,nan,nan,nan,
RIRE_CT_MRI,patient_107_RIRET1__CT_to_MRI_mixed,modified,/data/bianfeng/yixueOT/new_code_test/experiment_batches/processed/RIRE_CT_MRI/patient_107_RIRET1__CT_to_MRI_mixed.npz,/data/bianfeng/yixueOT/new_code_test/registration_results/modified/data/patient_107_RIRET1_CT_to_MRI_mixed_result.mat,success,0.925383,9.807984638694272,nan,nan,nan,nan,nan,nan,
RIRE_CT_MRI,patient_107_RIRET1__CT_to_MRI_mixed,modified_full,/data/bianfeng/yixueOT/new_code_test/experiment_batches/processed/RIRE_CT_MRI/patient_107_RIRET1__CT_to_MRI_mixed.npz,/data/bianfeng/yixueOT/new_code_test/registration_results/modified_full/data/patient_107_RIRET1_CT_to_MRI_mixed_result.mat,success,2.597192,9.808127958023457,nan,nan,nan,nan,nan,nan,
RIRE_CT_MRI,patient_107_RIRET1__CT_to_MRI_mixed,random_baseline,/data/bianfeng/yixueOT/new_code_test/experiment_batches/processed/RIRE_CT_MRI/patient_107_RIRET1__CT_to_MRI_mixed.npz,/data/bianfeng/yixueOT/new_code_test/registration_results/random_baseline/data/patient_107_RIRET1_CT_to_MRI_mixed_result.mat,success,1.296945,9.37222079961,nan,nan,nan,nan,nan,nan,
RIRE_CT_MRI,patient_107_RIRET1__CT_to_MRI_mixed,icp,/data/bianfeng/yixueOT/new_code_test/experiment_batches/processed/RIRE_CT_MRI/patient_107_RIRET1__CT_to_MRI_mixed.npz,/data/bianfeng/yixueOT/new_code_test/compare_results/icp/RIRE_CT_MRI/patient_107_RIRET1__CT_to_MRI_mixed_icp.npz,success,2.298518419265747,10.078678564877336,nan,nan,nan,nan,nan,nan,
RIRE_CT_MRI,patient_107_RIRET1__CT_to_MRI_mixed,fgr,/data/bianfeng/yixueOT/new_code_test/experiment_batches/processed/RIRE_CT_MRI/patient_107_RIRET1__CT_to_MRI_mixed.npz,/data/bianfeng/yixueOT/new_code_test/compare_results/fgr/RIRE_CT_MRI/patient_107_RIRET1__CT_to_MRI_mixed_fgr.npz,success,1.034391164779663,13.679959044278583,nan,nan,nan,nan,nan,nan,
RIRE_CT_MRI,patient_107_RIRET1__CT_to_MRI_mixed,ants,/data/bianfeng/yixueOT/new_code_test/experiment_batches/processed/RIRE_CT_MRI/patient_107_RIRET1__CT_to_MRI_mixed.npz,/data/bianfeng/yixueOT/new_code_test/compare_results/ants/RIRE_CT_MRI/patient_107_RIRET1__CT_to_MRI_mixed_ants.npz,success,3.1020166873931885,17.60699169927332,nan,nan,nan,nan,nan,nan,
RIRE_CT_MRI,patient_107_RIRET2__CT_to_MRI_mixed,modified,/data/bianfeng/yixueOT/new_code_test/experiment_batches/processed/RIRE_CT_MRI/patient_107_RIRET2__CT_to_MRI_mixed.npz,/data/bianfeng/yixueOT/new_code_test/registration_results/modified/data/patient_107_RIRET2_CT_to_MRI_mixed_result.mat,success,0.948212,12.534624332965656,nan,nan,nan,nan,nan,nan,
RIRE_CT_MRI,patient_107_RIRET2__CT_to_MRI_mixed,modified_full,/data/bianfeng/yixueOT/new_code_test/experiment_batches/processed/RIRE_CT_MRI/patient_107_RIRET2__CT_to_MRI_mixed.npz,/data/bianfeng/yixueOT/new_code_test/registration_results/modified_full/data/patient_107_RIRET2_CT_to_MRI_mixed_result.mat,success,2.509146,12.527179803341044,nan,nan,nan,nan,nan,nan,
RIRE_CT_MRI,patient_107_RIRET2__CT_to_MRI_mixed,random_baseline,/data/bianfeng/yixueOT/new_code_test/experiment_batches/processed/RIRE_CT_MRI/patient_107_RIRET2__CT_to_MRI_mixed.npz,/data/bianfeng/yixueOT/new_code_test/registration_results/random_baseline/data/patient_107_RIRET2_CT_to_MRI_mixed_result.mat,success,1.332781,12.58453617848138,nan,nan,nan,nan,nan,nan,
RIRE_CT_MRI,patient_107_RIRET2__CT_to_MRI_mixed,icp,/data/bianfeng/yixueOT/new_code_test/experiment_batches/processed/RIRE_CT_MRI/patient_107_RIRET2__CT_to_MRI_mixed.npz,/data/bianfeng/yixueOT/new_code_test/compare_results/icp/RIRE_CT_MRI/patient_107_RIRET2__CT_to_MRI_mixed_icp.npz,success,1.7175111770629883,12.995503167464458,nan,nan,nan,nan,nan,nan,
RIRE_CT_MRI,patient_107_RIRET2__CT_to_MRI_mixed,fgr,/data/bianfeng/yixueOT/new_code_test/experiment_batches/processed/RIRE_CT_MRI/patient_107_RIRET2__CT_to_MRI_mixed.npz,/data/bianfeng/yixueOT/new_code_test/compare_results/fgr/RIRE_CT_MRI/patient_107_RIRET2__CT_to_MRI_mixed_fgr.npz,success,0.9430711269378662,22.273821152625047,nan,nan,nan,nan,nan,nan,
RIRE_CT_MRI,patient_107_RIRET2__CT_to_MRI_mixed,ants,/data/bianfeng/yixueOT/new_code_test/experiment_batches/processed/RIRE_CT_MRI/patient_107_RIRET2__CT_to_MRI_mixed.npz,/data/bianfeng/yixueOT/new_code_test/compare_results/ants/RIRE_CT_MRI/patient_107_RIRET2__CT_to_MRI_mixed_ants.npz,success,3.3770229816436768,19.755243912772197,nan,nan,nan,nan,nan,nan,
RIRE_CT_MRI,patient_108_RIRET1__CT_to_MRI_mixed,modified,/data/bianfeng/yixueOT/new_code_test/experiment_batches/processed/RIRE_CT_MRI/patient_108_RIRET1__CT_to_MRI_mixed.npz,/data/bianfeng/yixueOT/new_code_test/registration_results/modified/data/patient_108_RIRET1_CT_to_MRI_mixed_result.mat,success,0.960282,5.008752798738842,nan,nan,nan,nan,nan,nan,
RIRE_CT_MRI,patient_108_RIRET1__CT_to_MRI_mixed,modified_full,/data/bianfeng/yixueOT/new_code_test/experiment_batches/processed/RIRE_CT_MRI/patient_108_RIRET1__CT_to_MRI_mixed.npz,/data/bianfeng/yixueOT/new_code_test/registration_results/modified_full/data/patient_108_RIRET1_CT_to_MRI_mixed_result.mat,success,2.469273,4.8721832048824005,nan,nan,nan,nan,nan,nan,
RIRE_CT_MRI,patient_108_RIRET1__CT_to_MRI_mixed,random_baseline,/data/bianfeng/yixueOT/new_code_test/experiment_batches/processed/RIRE_CT_MRI/patient_108_RIRET1__CT_to_MRI_mixed.npz,/data/bianfeng/yixueOT/new_code_test/registration_results/random_baseline/data/patient_108_RIRET1_CT_to_MRI_mixed_result.mat,success,1.138277,4.809325023644161,nan,nan,nan,nan,nan,nan,
RIRE_CT_MRI,patient_108_RIRET1__CT_to_MRI_mixed,icp,/data/bianfeng/yixueOT/new_code_test/experiment_batches/processed/RIRE_CT_MRI/patient_108_RIRET1__CT_to_MRI_mixed.npz,/data/bianfeng/yixueOT/new_code_test/compare_results/icp/RIRE_CT_MRI/patient_108_RIRET1__CT_to_MRI_mixed_icp.npz,success,2.0868687629699707,5.49184530081396,nan,nan,nan,nan,nan,nan,
RIRE_CT_MRI,patient_108_RIRET1__CT_to_MRI_mixed,fgr,/data/bianfeng/yixueOT/new_code_test/experiment_batches/processed/RIRE_CT_MRI/patient_108_RIRET1__CT_to_MRI_mixed.npz,/data/bianfeng/yixueOT/new_code_test/compare_results/fgr/RIRE_CT_MRI/patient_108_RIRET1__CT_to_MRI_mixed_fgr.npz,success,0.7499346733093262,5.738374885229223,nan,nan,nan,nan,nan,nan,
RIRE_CT_MRI,patient_108_RIRET1__CT_to_MRI_mixed,ants,/data/bianfeng/yixueOT/new_code_test/experiment_batches/processed/RIRE_CT_MRI/patient_108_RIRET1__CT_to_MRI_mixed.npz,/data/bianfeng/yixueOT/new_code_test/compare_results/ants/RIRE_CT_MRI/patient_108_RIRET1__CT_to_MRI_mixed_ants.npz,success,3.2840869426727295,17.38015241858916,nan,nan,nan,nan,nan,nan,
RIRE_CT_MRI,patient_108_RIRET2__CT_to_MRI_mixed,modified,/data/bianfeng/yixueOT/new_code_test/experiment_batches/processed/RIRE_CT_MRI/patient_108_RIRET2__CT_to_MRI_mixed.npz,/data/bianfeng/yixueOT/new_code_test/registration_results/modified/data/patient_108_RIRET2_CT_to_MRI_mixed_result.mat,success,0.906231,5.267456467515431,nan,nan,nan,nan,nan,nan,
RIRE_CT_MRI,patient_108_RIRET2__CT_to_MRI_mixed,modified_full,/data/bianfeng/yixueOT/new_code_test/experiment_batches/processed/RIRE_CT_MRI/patient_108_RIRET2__CT_to_MRI_mixed.npz,/data/bianfeng/yixueOT/new_code_test/registration_results/modified_full/data/patient_108_RIRET2_CT_to_MRI_mixed_result.mat,success,2.490824,5.243660682539955,nan,nan,nan,nan,nan,nan,
RIRE_CT_MRI,patient_108_RIRET2__CT_to_MRI_mixed,random_baseline,/data/bianfeng/yixueOT/new_code_test/experiment_batches/processed/RIRE_CT_MRI/patient_108_RIRET2__CT_to_MRI_mixed.npz,/data/bianfeng/yixueOT/new_code_test/registration_results/random_baseline/data/patient_108_RIRET2_CT_to_MRI_mixed_result.mat,success,1.123198,5.122109212806333,nan,nan,nan,nan,nan,nan,
RIRE_CT_MRI,patient_108_RIRET2__CT_to_MRI_mixed,icp,/data/bianfeng/yixueOT/new_code_test/experiment_batches/processed/RIRE_CT_MRI/patient_108_RIRET2__CT_to_MRI_mixed.npz,/data/bianfeng/yixueOT/new_code_test/compare_results/icp/RIRE_CT_MRI/patient_108_RIRET2__CT_to_MRI_mixed_icp.npz,success,2.1523725986480713,5.128042864580506,nan,nan,nan,nan,nan,nan,
RIRE_CT_MRI,patient_108_RIRET2__CT_to_MRI_mixed,fgr,/data/bianfeng/yixueOT/new_code_test/experiment_batches/processed/RIRE_CT_MRI/patient_108_RIRET2__CT_to_MRI_mixed.npz,/data/bianfeng/yixueOT/new_code_test/compare_results/fgr/RIRE_CT_MRI/patient_108_RIRET2__CT_to_MRI_mixed_fgr.npz,success,0.9119429588317871,6.679402659767491,nan,nan,nan,nan,nan,nan,
RIRE_CT_MRI,patient_108_RIRET2__CT_to_MRI_mixed,ants,/data/bianfeng/yixueOT/new_code_test/experiment_batches/processed/RIRE_CT_MRI/patient_108_RIRET2__CT_to_MRI_mixed.npz,/data/bianfeng/yixueOT/new_code_test/compare_results/ants/RIRE_CT_MRI/patient_108_RIRET2__CT_to_MRI_mixed_ants.npz,success,2.989936590194702,18.02359676927643,nan,nan,nan,nan,nan,nan,
RIRE_CT_MRI,patient_109_RIRET1__CT_to_MRI_mixed,modified,/data/bianfeng/yixueOT/new_code_test/experiment_batches/processed/RIRE_CT_MRI/patient_109_RIRET1__CT_to_MRI_mixed.npz,/data/bianfeng/yixueOT/new_code_test/registration_results/modified/data/patient_109_RIRET1_CT_to_MRI_mixed_result.mat,success,0.943939,4.343576255534649,nan,nan,nan,nan,nan,nan,
RIRE_CT_MRI,patient_109_RIRET1__CT_to_MRI_mixed,modified_full,/data/bianfeng/yixueOT/new_code_test/experiment_batches/processed/RIRE_CT_MRI/patient_109_RIRET1__CT_to_MRI_mixed.npz,/data/bianfeng/yixueOT/new_code_test/registration_results/modified_full/data/patient_109_RIRET1_CT_to_MRI_mixed_result.mat,success,2.665708,4.304826371418244,nan,nan,nan,nan,nan,nan,
RIRE_CT_MRI,patient_109_RIRET1__CT_to_MRI_mixed,random_baseline,/data/bianfeng/yixueOT/new_code_test/experiment_batches/processed/RIRE_CT_MRI/patient_109_RIRET1__CT_to_MRI_mixed.npz,/data/bianfeng/yixueOT/new_code_test/registration_results/random_baseline/data/patient_109_RIRET1_CT_to_MRI_mixed_result.mat,success,1.092456,4.301145078693284,nan,nan,nan,nan,nan,nan,
RIRE_CT_MRI,patient_109_RIRET1__CT_to_MRI_mixed,icp,/data/bianfeng/yixueOT/new_code_test/experiment_batches/processed/RIRE_CT_MRI/patient_109_RIRET1__CT_to_MRI_mixed.npz,/data/bianfeng/yixueOT/new_code_test/compare_results/icp/RIRE_CT_MRI/patient_109_RIRET1__CT_to_MRI_mixed_icp.npz,success,1.7778849601745605,4.522753960707586,nan,nan,nan,nan,nan,nan,
RIRE_CT_MRI,patient_109_RIRET1__CT_to_MRI_mixed,fgr,/data/bianfeng/yixueOT/new_code_test/experiment_batches/processed/RIRE_CT_MRI/patient_109_RIRET1__CT_to_MRI_mixed.npz,/data/bianfeng/yixueOT/new_code_test/compare_results/fgr/RIRE_CT_MRI/patient_109_RIRET1__CT_to_MRI_mixed_fgr.npz,success,0.778397798538208,8.092684906394359,nan,nan,nan,nan,nan,nan,
RIRE_CT_MRI,patient_109_RIRET1__CT_to_MRI_mixed,ants,/data/bianfeng/yixueOT/new_code_test/experiment_batches/processed/RIRE_CT_MRI/patient_109_RIRET1__CT_to_MRI_mixed.npz,/data/bianfeng/yixueOT/new_code_test/compare_results/ants/RIRE_CT_MRI/patient_109_RIRET1__CT_to_MRI_mixed_ants.npz,success,2.675100564956665,16.524190734122644,nan,nan,nan,nan,nan,nan,
RIRE_CT_MRI,patient_109_RIRET2__CT_to_MRI_mixed,modified,/data/bianfeng/yixueOT/new_code_test/experiment_batches/processed/RIRE_CT_MRI/patient_109_RIRET2__CT_to_MRI_mixed.npz,/data/bianfeng/yixueOT/new_code_test/registration_results/modified/data/patient_109_RIRET2_CT_to_MRI_mixed_result.mat,success,0.947033,5.300554576372059,nan,nan,nan,nan,nan,nan,
RIRE_CT_MRI,patient_109_RIRET2__CT_to_MRI_mixed,modified_full,/data/bianfeng/yixueOT/new_code_test/experiment_batches/processed/RIRE_CT_MRI/patient_109_RIRET2__CT_to_MRI_mixed.npz,/data/bianfeng/yixueOT/new_code_test/registration_results/modified_full/data/patient_109_RIRET2_CT_to_MRI_mixed_result.mat,success,2.522451,5.300526668617298,nan,nan,nan,nan,nan,nan,
RIRE_CT_MRI,patient_109_RIRET2__CT_to_MRI_mixed,random_baseline,/data/bianfeng/yixueOT/new_code_test/experiment_batches/processed/RIRE_CT_MRI/patient_109_RIRET2__CT_to_MRI_mixed.npz,/data/bianfeng/yixueOT/new_code_test/registration_results/random_baseline/data/patient_109_RIRET2_CT_to_MRI_mixed_result.mat,success,1.016514,5.425030237738468,nan,nan,nan,nan,nan,nan,
RIRE_CT_MRI,patient_109_RIRET2__CT_to_MRI_mixed,icp,/data/bianfeng/yixueOT/new_code_test/experiment_batches/processed/RIRE_CT_MRI/patient_109_RIRET2__CT_to_MRI_mixed.npz,/data/bianfeng/yixueOT/new_code_test/compare_results/icp/RIRE_CT_MRI/patient_109_RIRET2__CT_to_MRI_mixed_icp.npz,success,2.221064805984497,5.328323132086034,nan,nan,nan,nan,nan,nan,
RIRE_CT_MRI,patient_109_RIRET2__CT_to_MRI_mixed,fgr,/data/bianfeng/yixueOT/new_code_test/experiment_batches/processed/RIRE_CT_MRI/patient_109_RIRET2__CT_to_MRI_mixed.npz,/data/bianfeng/yixueOT/new_code_test/compare_results/fgr/RIRE_CT_MRI/patient_109_RIRET2__CT_to_MRI_mixed_fgr.npz,success,0.7853467464447021,6.574014164895852,nan,nan,nan,nan,nan,nan,
RIRE_CT_MRI,patient_109_RIRET2__CT_to_MRI_mixed,ants,/data/bianfeng/yixueOT/new_code_test/experiment_batches/processed/RIRE_CT_MRI/patient_109_RIRET2__CT_to_MRI_mixed.npz,/data/bianfeng/yixueOT/new_code_test/compare_results/ants/RIRE_CT_MRI/patient_109_RIRET2__CT_to_MRI_mixed_ants.npz,success,3.2943620681762695,17.626371291324496,nan,nan,nan,nan,nan,nan,
